surname,nationality,split
isa,Arabic,train
shalhoub,Arabic,train
baba,Arabic,train
samaha,Arabic,train
wasem,Arabic,train
seif,Arabic,train
tahan,Arabic,train
handal,Arabic,train
mikhail,Arabic,train
saliba,Arabic,train
basara,Arabic,train
atiyeh,Arabic,train
mustafa,Arabic,train
morcos,Arabic,train
bishara,Arabic,train
toma,Arabic,train
sarkis,Arabic,train
sarraf,Arabic,train
mustafa,Arabic,train
daher,Arabic,train
said,Arabic,train
shamon,Arabic,train
sayegh,Arabic,train
kassab,Arabic,train
saliba,Arabic,train
kassis,Arabic,train
malouf,Arabic,train
zogby,Arabic,train
malouf,Arabic,train
zogby,Arabic,train
bahar,Arabic,train
bitar,Arabic,train
awad,Arabic,train
khoury,Arabic,train
sayegh,Arabic,train
antar,Arabic,train
sleiman,Arabic,train
kassab,Arabic,train
nader,Arabic,train
harb,Arabic,train
gaber,Arabic,train
baz,Arabic,train
shamoon,Arabic,train
shamon,Arabic,train
abadi,Arabic,train
masih,Arabic,train
toma,Arabic,train
shamoon,Arabic,train
ganim,Arabic,train
ghannam,Arabic,train
botros,Arabic,train
maloof,Arabic,train
salib,Arabic,train
ganim,Arabic,train
boutros,Arabic,train
handal,Arabic,train
attia,Arabic,train
harb,Arabic,train
hadad,Arabic,train
nahas,Arabic,train
naifeh,Arabic,train
gaber,Arabic,train
boutros,Arabic,train
mustafa,Arabic,train
tahan,Arabic,train
mansour,Arabic,train
gaber,Arabic,train
malouf,Arabic,train
samaha,Arabic,train
ghannam,Arabic,train
salib,Arabic,train
handal,Arabic,train
awad,Arabic,train
mustafa,Arabic,train
hanania,Arabic,train
kassis,Arabic,train
najjar,Arabic,train
attia,Arabic,train
shadid,Arabic,train
nahas,Arabic,train
arian,Arabic,train
zogby,Arabic,train
khoury,Arabic,train
masih,Arabic,train
botros,Arabic,train
quraishi,Arabic,train
shammas,Arabic,train
kanaan,Arabic,train
fakhoury,Arabic,train
shammas,Arabic,train
amari,Arabic,train
bata,Arabic,train
said,Arabic,train
naifeh,Arabic,train
mustafa,Arabic,train
wasem,Arabic,train
sarkis,Arabic,train
mifsud,Arabic,train
shammas,Arabic,train
morcos,Arabic,train
assaf,Arabic,train
samaha,Arabic,train
said,Arabic,train
aswad,Arabic,train
antar,Arabic,train
shamoun,Arabic,train
attia,Arabic,train
bishara,Arabic,train
shammas,Arabic,train
mansour,Arabic,train
mikhail,Arabic,train
asker,Arabic,train
assaf,Arabic,train
nader,Arabic,train
morcos,Arabic,train
saliba,Arabic,train
salib,Arabic,train
zogby,Arabic,train
haik,Arabic,train
saliba,Arabic,train
kassis,Arabic,train
tahan,Arabic,train
boutros,Arabic,train
sarkis,Arabic,train
antar,Arabic,train
cham,Arabic,train
shadid,Arabic,train
naser,Arabic,train
arian,Arabic,train
shamon,Arabic,train
asker,Arabic,train
nahas,Arabic,train
abadi,Arabic,train
harb,Arabic,train
abboud,Arabic,train
shadid,Arabic,train
sarraf,Arabic,train
shamon,Arabic,train
touma,Arabic,train
tahan,Arabic,train
totah,Arabic,train
totah,Arabic,train
sleiman,Arabic,train
awad,Arabic,train
botros,Arabic,train
kassab,Arabic,train
shadid,Arabic,train
awad,Arabic,train
daher,Arabic,train
nahas,Arabic,train
tahan,Arabic,train
mustafa,Arabic,train
saliba,Arabic,train
tuma,Arabic,train
gaber,Arabic,train
said,Arabic,train
boutros,Arabic,train
najjar,Arabic,train
sabbag,Arabic,train
shamoun,Arabic,train
khoury,Arabic,train
ba,Arabic,train
qureshi,Arabic,train
srour,Arabic,train
bazzi,Arabic,train
said,Arabic,train
boutros,Arabic,train
hanania,Arabic,train
rahal,Arabic,train
assaf,Arabic,train
amari,Arabic,train
kassab,Arabic,train
haik,Arabic,train
saliba,Arabic,train
maloof,Arabic,train
khouri,Arabic,train
bishara,Arabic,train
dagher,Arabic,train
gaber,Arabic,train
amari,Arabic,train
cham,Arabic,train
deeb,Arabic,train
ba,Arabic,train
baz,Arabic,train
cham,Arabic,train
tannous,Arabic,train
najjar,Arabic,train
asghar,Arabic,train
handal,Arabic,train
halabi,Arabic,train
mustafa,Arabic,train
awad,Arabic,train
handal,Arabic,train
antar,Arabic,train
seif,Arabic,train
sabbagh,Arabic,train
gaber,Arabic,train
hadad,Arabic,train
mustafa,Arabic,train
cham,Arabic,train
cham,Arabic,train
sarkis,Arabic,train
basara,Arabic,train
maroun,Arabic,train
asker,Arabic,train
malouf,Arabic,train
quraishi,Arabic,train
samaha,Arabic,train
halabi,Arabic,train
essa,Arabic,train
attia,Arabic,train
gaber,Arabic,train
rahal,Arabic,train
antar,Arabic,train
abadi,Arabic,train
haddad,Arabic,train
hadad,Arabic,train
fakhoury,Arabic,train
halabi,Arabic,train
saliba,Arabic,train
basara,Arabic,train
amari,Arabic,train
arian,Arabic,train
halabi,Arabic,train
cham,Arabic,train
handal,Arabic,train
cham,Arabic,train
sabbagh,Arabic,train
gaber,Arabic,train
gerges,Arabic,train
maalouf,Arabic,train
asker,Arabic,train
daher,Arabic,train
bazzi,Arabic,train
shamoun,Arabic,train
rahal,Arabic,train
salib,Arabic,train
asker,Arabic,train
harb,Arabic,train
wasem,Arabic,train
hajjar,Arabic,train
hajjar,Arabic,train
tuma,Arabic,train
haddad,Arabic,train
mansour,Arabic,train
sleiman,Arabic,train
wasem,Arabic,train
khoury,Arabic,train
antar,Arabic,train
maalouf,Arabic,train
shalhoub,Arabic,train
mifsud,Arabic,train
mansour,Arabic,train
toma,Arabic,train
toma,Arabic,train
bishara,Arabic,train
awad,Arabic,train
antoun,Arabic,train
morcos,Arabic,train
moghadam,Arabic,train
ganim,Arabic,train
asfour,Arabic,train
mifsud,Arabic,train
koury,Arabic,train
abadi,Arabic,train
antar,Arabic,train
tannous,Arabic,train
handal,Arabic,train
wasem,Arabic,train
salib,Arabic,train
srour,Arabic,train
maloof,Arabic,train
baz,Arabic,train
touma,Arabic,train
shamon,Arabic,train
ganim,Arabic,train
nazari,Arabic,train
bitar,Arabic,train
quraishi,Arabic,train
haddad,Arabic,train
kouri,Arabic,train
assaf,Arabic,train
amari,Arabic,train
nader,Arabic,train
bishara,Arabic,train
mikhail,Arabic,train
awad,Arabic,train
salib,Arabic,train
haddad,Arabic,train
morcos,Arabic,train
sarraf,Arabic,train
khouri,Arabic,train
totah,Arabic,train
bishara,Arabic,train
hadad,Arabic,train
gerges,Arabic,train
gerges,Arabic,train
almasi,Arabic,train
najjar,Arabic,train
najjar,Arabic,train
qureshi,Arabic,train
bazzi,Arabic,train
shadid,Arabic,train
srour,Arabic,train
hadad,Arabic,train
sabbag,Arabic,train
fakhoury,Arabic,train
koury,Arabic,train
boutros,Arabic,train
fakhoury,Arabic,train
saliba,Arabic,train
wasem,Arabic,train
toma,Arabic,train
totah,Arabic,train
khoury,Arabic,train
shamon,Arabic,train
nader,Arabic,train
haddad,Arabic,train
arian,Arabic,train
antoun,Arabic,train
bazzi,Arabic,train
saliba,Arabic,train
salib,Arabic,train
hakimi,Arabic,train
issa,Arabic,train
naser,Arabic,train
shamoon,Arabic,train
khoury,Arabic,train
baz,Arabic,train
almasi,Arabic,train
antoun,Arabic,train
daher,Arabic,train
zogby,Arabic,train
guirguis,Arabic,train
cham,Arabic,train
sarraf,Arabic,train
khouri,Arabic,train
tuma,Arabic,train
haddad,Arabic,train
quraishi,Arabic,train
khoury,Arabic,train
bazzi,Arabic,train
najjar,Arabic,train
totah,Arabic,train
tannous,Arabic,train
hajjar,Arabic,train
bata,Arabic,train
nazari,Arabic,train
kalb,Arabic,train
bishara,Arabic,train
mikhail,Arabic,train
boulos,Arabic,train
basara,Arabic,train
salib,Arabic,train
totah,Arabic,train
mustafa,Arabic,train
assaf,Arabic,train
said,Arabic,train
sleiman,Arabic,train
moghadam,Arabic,train
handal,Arabic,train
moghadam,Arabic,train
antar,Arabic,train
hadad,Arabic,train
halabi,Arabic,train
awad,Arabic,train
antar,Arabic,train
fakhoury,Arabic,train
said,Arabic,train
maalouf,Arabic,train
srour,Arabic,train
kattan,Arabic,train
nader,Arabic,train
tahan,Arabic,train
moghadam,Arabic,train
maroun,Arabic,train
boutros,Arabic,train
nassar,Arabic,train
naifeh,Arabic,train
kanaan,Arabic,train
daher,Arabic,train
said,Arabic,train
haddad,Arabic,train
sarkis,Arabic,train
arian,Arabic,train
harb,Arabic,train
kassis,Arabic,train
sleiman,Arabic,train
issa,Arabic,train
shamoon,Arabic,train
naser,Arabic,train
samaha,Arabic,train
nader,Arabic,train
bahar,Arabic,train
sarkis,Arabic,train
kassab,Arabic,train
antar,Arabic,train
gaber,Arabic,train
botros,Arabic,train
kouri,Arabic,train
kassis,Arabic,train
bahar,Arabic,train
handal,Arabic,train
morcos,Arabic,train
almasi,Arabic,train
antar,Arabic,train
sleiman,Arabic,train
nahas,Arabic,train
ganim,Arabic,train
kassis,Arabic,train
khouri,Arabic,train
koury,Arabic,train
maroun,Arabic,train
isa,Arabic,train
botros,Arabic,train
bitar,Arabic,train
ghanem,Arabic,train
nassar,Arabic,train
attia,Arabic,train
maroun,Arabic,train
bishara,Arabic,train
tuma,Arabic,train
shamoun,Arabic,train
isa,Arabic,train
abboud,Arabic,train
maloof,Arabic,train
baz,Arabic,train
kanaan,Arabic,train
almasi,Arabic,train
malouf,Arabic,train
abadi,Arabic,train
malouf,Arabic,train
malouf,Arabic,train
bishara,Arabic,train
fakhoury,Arabic,train
attia,Arabic,train
sayegh,Arabic,train
srour,Arabic,train
nader,Arabic,train
antar,Arabic,train
nahas,Arabic,train
baz,Arabic,train
tuma,Arabic,train
awad,Arabic,train
sabbag,Arabic,train
handal,Arabic,train
bishara,Arabic,train
nazari,Arabic,train
khoury,Arabic,train
seif,Arabic,train
atiyeh,Arabic,train
ganim,Arabic,train
nader,Arabic,train
cham,Arabic,train
asker,Arabic,train
kalb,Arabic,train
nahas,Arabic,train
maroun,Arabic,train
touma,Arabic,train
deeb,Arabic,train
ghanem,Arabic,train
shamon,Arabic,train
tahan,Arabic,train
fakhoury,Arabic,train
dagher,Arabic,train
shamon,Arabic,train
attia,Arabic,train
khouri,Arabic,train
bishara,Arabic,train
morcos,Arabic,train
mifsud,Arabic,train
morcos,Arabic,train
bahar,Arabic,train
mansour,Arabic,train
asghar,Arabic,train
quraishi,Arabic,train
koury,Arabic,train
samaha,Arabic,train
mifsud,Arabic,train
cham,Arabic,train
tuma,Arabic,train
guirguis,Arabic,train
basara,Arabic,train
arian,Arabic,train
maroun,Arabic,train
maloof,Arabic,train
ganem,Arabic,train
essa,Arabic,train
cham,Arabic,train
essa,Arabic,train
quraishi,Arabic,train
samaha,Arabic,train
shammas,Arabic,train
gerges,Arabic,train
isa,Arabic,train
ghannam,Arabic,train
baba,Arabic,train
bitar,Arabic,train
hanania,Arabic,train
hajjar,Arabic,train
rahal,Arabic,train
almasi,Arabic,train
hanania,Arabic,train
boulos,Arabic,train
tuma,Arabic,train
baba,Arabic,train
guirguis,Arabic,train
sarkis,Arabic,train
daher,Arabic,train
awad,Arabic,train
sleiman,Arabic,train
toma,Arabic,train
khoury,Arabic,train
mifsud,Arabic,train
issa,Arabic,train
isa,Arabic,train
srour,Arabic,train
kouri,Arabic,train
fakhoury,Arabic,train
handal,Arabic,train
deeb,Arabic,train
shalhoub,Arabic,train
maroun,Arabic,train
fakhoury,Arabic,train
deeb,Arabic,train
gaber,Arabic,train
toma,Arabic,train
moghadam,Arabic,train
quraishi,Arabic,train
mustafa,Arabic,train
khouri,Arabic,train
shadid,Arabic,train
haik,Arabic,train
masih,Arabic,train
kalb,Arabic,train
boutros,Arabic,train
tahan,Arabic,train
bazzi,Arabic,train
tuma,Arabic,train
sayegh,Arabic,train
naifeh,Arabic,train
isa,Arabic,train
bahar,Arabic,train
kalb,Arabic,train
qureshi,Arabic,train
kassis,Arabic,train
khoury,Arabic,train
deeb,Arabic,train
malouf,Arabic,train
baba,Arabic,train
malouf,Arabic,train
nazari,Arabic,train
nader,Arabic,train
moghadam,Arabic,train
bitar,Arabic,train
koury,Arabic,train
bishara,Arabic,train
abadi,Arabic,train
saliba,Arabic,train
asfour,Arabic,train
nader,Arabic,train
sarraf,Arabic,train
cham,Arabic,train
zogby,Arabic,train
sabbagh,Arabic,train
daher,Arabic,train
quraishi,Arabic,train
sarkis,Arabic,train
boulos,Arabic,train
ganim,Arabic,train
nader,Arabic,train
attia,Arabic,train
mifsud,Arabic,train
kalb,Arabic,train
issa,Arabic,train
atiyeh,Arabic,train
bazzi,Arabic,train
kouri,Arabic,train
kalb,Arabic,train
wasem,Arabic,train
sarkis,Arabic,train
ganem,Arabic,train
seif,Arabic,train
ganim,Arabic,train
kassis,Arabic,train
sleiman,Arabic,train
deeb,Arabic,train
dagher,Arabic,train
bazzi,Arabic,train
touma,Arabic,train
abboud,Arabic,train
assaf,Arabic,train
said,Arabic,train
khouri,Arabic,train
bazzi,Arabic,train
toma,Arabic,train
nazari,Arabic,train
srour,Arabic,train
ganem,Arabic,train
asghar,Arabic,train
deeb,Arabic,train
naifeh,Arabic,train
assaf,Arabic,train
shamoun,Arabic,train
salib,Arabic,train
ganem,Arabic,train
said,Arabic,train
arian,Arabic,train
hadad,Arabic,train
shamoon,Arabic,train
ghannam,Arabic,train
saliba,Arabic,train
hakimi,Arabic,train
mikhail,Arabic,train
hakimi,Arabic,train
antar,Arabic,train
kouri,Arabic,train
haddad,Arabic,train
sarraf,Arabic,train
masih,Arabic,train
shalhoub,Arabic,train
shammas,Arabic,train
guirguis,Arabic,train
asghar,Arabic,train
quraishi,Arabic,train
maloof,Arabic,train
tuma,Arabic,train
cham,Arabic,train
sarraf,Arabic,train
srour,Arabic,train
bitar,Arabic,train
zogby,Arabic,train
tahan,Arabic,train
shamon,Arabic,train
kassis,Arabic,train
nader,Arabic,train
ghannam,Arabic,train
shadid,Arabic,train
atiyeh,Arabic,train
mustafa,Arabic,train
tannous,Arabic,train
nahas,Arabic,train
ghannam,Arabic,train
daher,Arabic,train
harb,Arabic,train
ghannam,Arabic,train
haik,Arabic,train
aswad,Arabic,train
sarraf,Arabic,train
tuma,Arabic,train
gaber,Arabic,train
nassar,Arabic,train
asghar,Arabic,train
almasi,Arabic,train
najjar,Arabic,train
samaha,Arabic,train
hanania,Arabic,train
antoun,Arabic,train
wasem,Arabic,train
gaber,Arabic,train
tuma,Arabic,train
sarraf,Arabic,train
abboud,Arabic,train
amari,Arabic,train
atiyeh,Arabic,train
salib,Arabic,train
seif,Arabic,train
isa,Arabic,train
masih,Arabic,train
zogby,Arabic,train
kanaan,Arabic,train
rahal,Arabic,train
hanania,Arabic,train
hajjar,Arabic,train
rahal,Arabic,train
haddad,Arabic,train
baz,Arabic,train
bata,Arabic,train
asker,Arabic,train
tuma,Arabic,train
nassar,Arabic,train
naifeh,Arabic,train
baba,Arabic,train
shalhoub,Arabic,train
gaber,Arabic,train
naifeh,Arabic,train
tahan,Arabic,train
malouf,Arabic,train
hadad,Arabic,train
mifsud,Arabic,train
assaf,Arabic,train
hakimi,Arabic,train
seif,Arabic,train
guirguis,Arabic,train
baba,Arabic,train
aswad,Arabic,train
rahal,Arabic,train
hanania,Arabic,train
sarraf,Arabic,train
qureshi,Arabic,train
botros,Arabic,train
amari,Arabic,train
baba,Arabic,train
sleiman,Arabic,train
ganim,Arabic,train
najjar,Arabic,train
asker,Arabic,train
basara,Arabic,train
botros,Arabic,train
kanaan,Arabic,train
mustafa,Arabic,train
abboud,Arabic,train
shalhoub,Arabic,train
bishara,Arabic,train
arian,Arabic,train
toma,Arabic,train
maalouf,Arabic,train
abadi,Arabic,train
shamoun,Arabic,train
tahan,Arabic,train
aswad,Arabic,train
shalhoub,Arabic,train
salib,Arabic,train
ganim,Arabic,train
abboud,Arabic,train
quraishi,Arabic,train
baz,Arabic,train
hadad,Arabic,train
sarkis,Arabic,train
daher,Arabic,train
basara,Arabic,train
hadad,Arabic,train
ba,Arabic,train
asghar,Arabic,train
abadi,Arabic,train
khouri,Arabic,train
nader,Arabic,train
nahas,Arabic,train
qureshi,Arabic,train
hanania,Arabic,train
bitar,Arabic,train
mustafa,Arabic,train
gaber,Arabic,train
bahar,Arabic,train
abadi,Arabic,train
abboud,Arabic,train
haddad,Arabic,train
shamon,Arabic,train
fakhoury,Arabic,train
mikhail,Arabic,train
amari,Arabic,train
basara,Arabic,train
sarraf,Arabic,train
masih,Arabic,train
almasi,Arabic,train
kattan,Arabic,train
morcos,Arabic,train
sarkis,Arabic,train
kanaan,Arabic,train
maalouf,Arabic,train
bahar,Arabic,train
haik,Arabic,train
abboud,Arabic,train
nassar,Arabic,train
basara,Arabic,train
sarraf,Arabic,train
nazari,Arabic,train
mifsud,Arabic,train
koury,Arabic,train
bishara,Arabic,train
malouf,Arabic,train
saliba,Arabic,train
sabbag,Arabic,train
salib,Arabic,train
basara,Arabic,train
hadad,Arabic,train
asfour,Arabic,train
boutros,Arabic,train
baz,Arabic,train
sabbag,Arabic,train
guirguis,Arabic,train
hadad,Arabic,train
shamoun,Arabic,train
maalouf,Arabic,train
zogby,Arabic,train
daher,Arabic,train
antar,Arabic,train
sabbagh,Arabic,train
nazari,Arabic,train
shammas,Arabic,train
gerges,Arabic,train
shadid,Arabic,train
baba,Arabic,train
kassis,Arabic,train
nassar,Arabic,train
naser,Arabic,train
tannous,Arabic,train
hakimi,Arabic,train
seif,Arabic,train
kassis,Arabic,train
kassis,Arabic,train
antar,Arabic,train
koury,Arabic,train
bishara,Arabic,train
issa,Arabic,train
koury,Arabic,train
deeb,Arabic,train
sarkis,Arabic,train
mifsud,Arabic,train
khouri,Arabic,train
tuma,Arabic,train
moghadam,Arabic,train
attia,Arabic,train
botros,Arabic,train
guirguis,Arabic,train
sayegh,Arabic,train
rahal,Arabic,train
naifeh,Arabic,train
sayegh,Arabic,train
maroun,Arabic,train
awad,Arabic,train
shammas,Arabic,train
safar,Arabic,train
boutros,Arabic,train
totah,Arabic,train
antoun,Arabic,train
sarraf,Arabic,train
naifeh,Arabic,train
naifeh,Arabic,train
sabbag,Arabic,train
said,Arabic,train
mustafa,Arabic,train
botros,Arabic,train
basara,Arabic,train
assaf,Arabic,train
ganim,Arabic,train
khoury,Arabic,train
daher,Arabic,train
bitar,Arabic,train
boutros,Arabic,train
shadid,Arabic,train
shalhoub,Arabic,train
nahas,Arabic,train
handal,Arabic,train
sabbag,Arabic,train
nader,Arabic,train
kanaan,Arabic,train
fakhoury,Arabic,train
ganem,Arabic,train
wasem,Arabic,train
tuma,Arabic,train
nader,Arabic,train
boutros,Arabic,train
kanaan,Arabic,train
boulos,Arabic,train
safar,Arabic,train
touma,Arabic,train
nahas,Arabic,train
said,Arabic,train
shammas,Arabic,train
masih,Arabic,train
botros,Arabic,train
kassab,Arabic,train
bitar,Arabic,train
kattan,Arabic,train
baba,Arabic,train
sabbag,Arabic,train
deeb,Arabic,train
cham,Arabic,train
aswad,Arabic,train
antar,Arabic,train
baba,Arabic,train
abboud,Arabic,train
awad,Arabic,train
nassar,Arabic,train
essa,Arabic,train
gaber,Arabic,train
malouf,Arabic,train
tannous,Arabic,train
mifsud,Arabic,train
koury,Arabic,train
kouri,Arabic,train
nader,Arabic,train
sarraf,Arabic,train
fakhoury,Arabic,train
srour,Arabic,train
shamon,Arabic,train
attia,Arabic,train
essa,Arabic,train
shamoon,Arabic,train
cham,Arabic,train
almasi,Arabic,train
maroun,Arabic,train
koury,Arabic,train
nader,Arabic,train
samaha,Arabic,train
bahar,Arabic,train
naifeh,Arabic,train
kouri,Arabic,train
gerges,Arabic,train
kalb,Arabic,train
mifsud,Arabic,train
safar,Arabic,train
atiyeh,Arabic,train
cham,Arabic,train
almasi,Arabic,train
kalb,Arabic,train
salib,Arabic,train
gerges,Arabic,train
touma,Arabic,train
hajjar,Arabic,train
wasem,Arabic,train
dagher,Arabic,train
halabi,Arabic,train
rahal,Arabic,train
seif,Arabic,train
kattan,Arabic,train
botros,Arabic,train
aswad,Arabic,train
boulos,Arabic,train
nader,Arabic,train
ba,Arabic,train
bahar,Arabic,train
deeb,Arabic,train
asker,Arabic,train
sleiman,Arabic,train
bazzi,Arabic,train
moghadam,Arabic,train
malouf,Arabic,train
salib,Arabic,train
nahas,Arabic,train
bahar,Arabic,train
kattan,Arabic,train
toma,Arabic,train
abboud,Arabic,train
ganim,Arabic,train
daher,Arabic,train
maloof,Arabic,train
antoun,Arabic,train
sleiman,Arabic,train
awad,Arabic,train
dagher,Arabic,train
toma,Arabic,train
gerges,Arabic,train
dagher,Arabic,train
mifsud,Arabic,train
ghanem,Arabic,train
awad,Arabic,train
aswad,Arabic,train
ganem,Arabic,train
saliba,Arabic,train
kouri,Arabic,train
nassar,Arabic,train
ganim,Arabic,train
gerges,Arabic,train
shammas,Arabic,train
hajjar,Arabic,train
tahan,Arabic,train
boulos,Arabic,train
fakhoury,Arabic,train
maalouf,Arabic,train
ganem,Arabic,train
najjar,Arabic,train
asker,Arabic,train
atiyeh,Arabic,train
totah,Arabic,train
seif,Arabic,train
isa,Arabic,train
tannous,Arabic,train
antar,Arabic,train
wasem,Arabic,train
ghannam,Arabic,train
shamon,Arabic,train
hakimi,Arabic,train
safar,Arabic,train
essa,Arabic,train
malouf,Arabic,train
nader,Arabic,train
awad,Arabic,train
asghar,Arabic,train
shamon,Arabic,train
morcos,Arabic,train
zogby,Arabic,train
hanania,Arabic,train
sabbagh,Arabic,train
dagher,Arabic,train
nader,Arabic,train
wasem,Arabic,train
mustafa,Arabic,train
harb,Arabic,train
kattan,Arabic,train
maroun,Arabic,train
koury,Arabic,train
isa,Arabic,train
toma,Arabic,train
handal,Arabic,train
kassis,Arabic,train
maloof,Arabic,train
sarkis,Arabic,train
kouri,Arabic,train
nassar,Arabic,train
ganim,Arabic,train
ghanem,Arabic,train
antoun,Arabic,train
haddad,Arabic,train
nazari,Arabic,train
asfour,Arabic,train
arian,Arabic,train
touma,Arabic,train
naser,Arabic,train
nassar,Arabic,train
deeb,Arabic,train
aswad,Arabic,train
harb,Arabic,train
isa,Arabic,train
harb,Arabic,train
antoun,Arabic,train
hakimi,Arabic,train
zogby,Arabic,train
zogby,Arabic,train
seif,Arabic,train
atiyeh,Arabic,train
hadad,Arabic,train
kouri,Arabic,train
bazzi,Arabic,train
kalb,Arabic,train
mansour,Arabic,train
kalb,Arabic,train
nassar,Arabic,train
sarraf,Arabic,train
haddad,Arabic,train
seif,Arabic,train
malouf,Arabic,train
tannous,Arabic,train
atiyeh,Arabic,train
wasem,Arabic,train
shamoun,Arabic,train
nahas,Arabic,train
basara,Arabic,train
antar,Arabic,train
mustafa,Arabic,train
bitar,Arabic,train
cham,Arabic,train
almasi,Arabic,train
antoun,Arabic,train
sayegh,Arabic,train
atiyeh,Arabic,train
maalouf,Arabic,train
moghadam,Arabic,train
nassar,Arabic,train
ganem,Arabic,train
shamon,Arabic,train
maloof,Arabic,train
awad,Arabic,train
rahal,Arabic,train
totah,Arabic,train
kassis,Arabic,train
fakhoury,Arabic,train
guirguis,Arabic,train
khoury,Arabic,train
rahal,Arabic,train
saliba,Arabic,train
bishara,Arabic,train
srour,Arabic,train
ganim,Arabic,train
atiyeh,Arabic,train
sabbag,Arabic,train
sabbagh,Arabic,train
guirguis,Arabic,train
shammas,Arabic,train
cham,Arabic,train
ganem,Arabic,train
srour,Arabic,train
maroun,Arabic,train
ghanem,Arabic,train
botros,Arabic,train
arian,Arabic,train
boulos,Arabic,train
daher,Arabic,train
isa,Arabic,train
toma,Arabic,train
hanania,Arabic,train
bahar,Arabic,train
almasi,Arabic,train
haik,Arabic,train
hadad,Arabic,train
ghannam,Arabic,train
gaber,Arabic,train
kalb,Arabic,train
issa,Arabic,train
nazari,Arabic,train
sayegh,Arabic,train
kanaan,Arabic,train
quraishi,Arabic,train
harb,Arabic,train
totah,Arabic,train
maroun,Arabic,train
totah,Arabic,train
maloof,Arabic,train
kanaan,Arabic,train
tahan,Arabic,train
srour,Arabic,train
masih,Arabic,train
samaha,Arabic,train
cham,Arabic,train
asghar,Arabic,train
handal,Arabic,train
mifsud,Arabic,train
ganim,Arabic,train
sabbag,Arabic,train
sabbag,Arabic,train
nassar,Arabic,train
bazzi,Arabic,train
sabbagh,Arabic,train
khoury,Arabic,train
nahas,Arabic,train
sarraf,Arabic,train
kattan,Arabic,train
sleiman,Arabic,train
rahal,Arabic,train
masih,Arabic,train
sleiman,Arabic,train
baz,Arabic,val
ghanem,Arabic,val
atiyeh,Arabic,val
kassis,Arabic,val
bitar,Arabic,val
awad,Arabic,val
maalouf,Arabic,val
fakhoury,Arabic,val
sayegh,Arabic,val
atiyeh,Arabic,val
ghannam,Arabic,val
najjar,Arabic,val
rahal,Arabic,val
ganim,Arabic,val
koury,Arabic,val
kassis,Arabic,val
shadid,Arabic,val
samaha,Arabic,val
kassis,Arabic,val
koury,Arabic,val
mifsud,Arabic,val
maroun,Arabic,val
shalhoub,Arabic,val
sleiman,Arabic,val
asghar,Arabic,val
hajjar,Arabic,val
tuma,Arabic,val
boutros,Arabic,val
morcos,Arabic,val
salib,Arabic,val
hanania,Arabic,val
ganim,Arabic,val
maloof,Arabic,val
sabbag,Arabic,val
aswad,Arabic,val
qureshi,Arabic,val
sabbag,Arabic,val
moghadam,Arabic,val
tahan,Arabic,val
atiyeh,Arabic,val
handal,Arabic,val
abboud,Arabic,val
deeb,Arabic,val
gaber,Arabic,val
koury,Arabic,val
asker,Arabic,val
koury,Arabic,val
mansour,Arabic,val
nazari,Arabic,val
morcos,Arabic,val
baba,Arabic,val
naifeh,Arabic,val
nassar,Arabic,val
guirguis,Arabic,val
najjar,Arabic,val
hadad,Arabic,val
sayegh,Arabic,val
fakhoury,Arabic,val
zogby,Arabic,val
atiyeh,Arabic,val
moghadam,Arabic,val
mikhail,Arabic,val
arian,Arabic,val
kanaan,Arabic,val
assaf,Arabic,val
gerges,Arabic,val
gerges,Arabic,val
cham,Arabic,val
rahal,Arabic,val
essa,Arabic,val
sabbagh,Arabic,val
ganem,Arabic,val
sleiman,Arabic,val
ghanem,Arabic,val
haik,Arabic,val
bazzi,Arabic,val
kalb,Arabic,val
boulos,Arabic,val
bata,Arabic,val
tahan,Arabic,val
shamoon,Arabic,val
ba,Arabic,val
kalb,Arabic,val
harb,Arabic,val
essa,Arabic,val
daher,Arabic,val
najjar,Arabic,val
boutros,Arabic,val
haddad,Arabic,val
malouf,Arabic,val
kalb,Arabic,val
safar,Arabic,val
nahas,Arabic,val
mustafa,Arabic,val
boutros,Arabic,val
nassar,Arabic,val
fakhoury,Arabic,val
haddad,Arabic,val
mustafa,Arabic,val
ghanem,Arabic,val
haddad,Arabic,val
haddad,Arabic,val
maroun,Arabic,val
shadid,Arabic,val
srour,Arabic,val
koury,Arabic,val
deeb,Arabic,val
kanaan,Arabic,val
shadid,Arabic,val
handal,Arabic,val
arian,Arabic,val
hakimi,Arabic,val
sayegh,Arabic,val
kassab,Arabic,val
hajjar,Arabic,val
ganem,Arabic,val
naser,Arabic,val
maalouf,Arabic,val
sayegh,Arabic,val
maalouf,Arabic,val
botros,Arabic,val
abboud,Arabic,val
ghannam,Arabic,val
haik,Arabic,val
fakhoury,Arabic,val
ghannam,Arabic,val
morcos,Arabic,val
mansour,Arabic,val
essa,Arabic,val
hanania,Arabic,val
ghannam,Arabic,val
attia,Arabic,val
cham,Arabic,val
essa,Arabic,val
hadad,Arabic,val
morcos,Arabic,val
abboud,Arabic,val
isa,Arabic,val
hadad,Arabic,val
antar,Arabic,val
mustafa,Arabic,val
abboud,Arabic,val
saliba,Arabic,val
cham,Arabic,val
nader,Arabic,val
botros,Arabic,val
safar,Arabic,val
saliba,Arabic,val
tahan,Arabic,val
mifsud,Arabic,val
antar,Arabic,val
essa,Arabic,val
shamoon,Arabic,val
nahas,Arabic,val
sayegh,Arabic,val
asfour,Arabic,val
abadi,Arabic,val
halabi,Arabic,val
almasi,Arabic,val
kouri,Arabic,val
hakimi,Arabic,val
shammas,Arabic,val
mansour,Arabic,val
ganim,Arabic,val
samaha,Arabic,val
khouri,Arabic,val
asker,Arabic,val
shadid,Arabic,val
baz,Arabic,val
touma,Arabic,val
handal,Arabic,val
qureshi,Arabic,val
said,Arabic,val
said,Arabic,val
sabbag,Arabic,val
guirguis,Arabic,val
mifsud,Arabic,val
shamoon,Arabic,val
safar,Arabic,val
gerges,Arabic,val
mansour,Arabic,val
naser,Arabic,val
shalhoub,Arabic,val
shalhoub,Arabic,val
tahan,Arabic,val
kattan,Arabic,val
kassab,Arabic,val
shadid,Arabic,val
sleiman,Arabic,val
saliba,Arabic,val
dagher,Arabic,val
tahan,Arabic,val
shadid,Arabic,val
guirguis,Arabic,val
masih,Arabic,val
wasem,Arabic,val
amari,Arabic,val
qureshi,Arabic,val
touma,Arabic,val
totah,Arabic,val
ghanem,Arabic,val
mustafa,Arabic,val
asker,Arabic,val
kanaan,Arabic,val
guirguis,Arabic,val
malouf,Arabic,val
nahas,Arabic,val
ghanem,Arabic,val
fakhoury,Arabic,val
daher,Arabic,val
shadid,Arabic,val
zogby,Arabic,val
bitar,Arabic,val
wasem,Arabic,val
baz,Arabic,val
haik,Arabic,val
isa,Arabic,val
totah,Arabic,val
kouri,Arabic,val
boutros,Arabic,val
rahal,Arabic,val
koury,Arabic,val
abadi,Arabic,val
kassab,Arabic,val
bata,Arabic,val
asghar,Arabic,val
naifeh,Arabic,val
najjar,Arabic,val
asghar,Arabic,val
dagher,Arabic,val
bazzi,Arabic,val
haik,Arabic,val
gaber,Arabic,val
issa,Arabic,val
mustafa,Arabic,val
amari,Arabic,val
rahal,Arabic,val
ba,Arabic,val
khouri,Arabic,val
tannous,Arabic,val
asghar,Arabic,test
sarraf,Arabic,test
koury,Arabic,test
deeb,Arabic,test
fakhoury,Arabic,test
nahas,Arabic,test
awad,Arabic,test
naser,Arabic,test
shamoun,Arabic,test
salib,Arabic,test
sarraf,Arabic,test
saliba,Arabic,test
koury,Arabic,test
halabi,Arabic,test
touma,Arabic,test
sarkis,Arabic,test
najjar,Arabic,test
basara,Arabic,test
aswad,Arabic,test
naifeh,Arabic,test
issa,Arabic,test
khouri,Arabic,test
bahar,Arabic,test
said,Arabic,test
asfour,Arabic,test
sayegh,Arabic,test
essa,Arabic,test
seif,Arabic,test
maroun,Arabic,test
tahan,Arabic,test
bata,Arabic,test
bitar,Arabic,test
haddad,Arabic,test
sabbagh,Arabic,test
daher,Arabic,test
sayegh,Arabic,test
boutros,Arabic,test
mikhail,Arabic,test
fakhoury,Arabic,test
sayegh,Arabic,test
asker,Arabic,test
salib,Arabic,test
kattan,Arabic,test
najjar,Arabic,test
saliba,Arabic,test
mifsud,Arabic,test
isa,Arabic,test
ghanem,Arabic,test
guirguis,Arabic,test
antoun,Arabic,test
malouf,Arabic,test
attia,Arabic,test
wasem,Arabic,test
amari,Arabic,test
najjar,Arabic,test
seif,Arabic,test
aswad,Arabic,test
attia,Arabic,test
mansour,Arabic,test
koury,Arabic,test
tuma,Arabic,test
seif,Arabic,test
hanania,Arabic,test
bitar,Arabic,test
tuma,Arabic,test
kassis,Arabic,test
amari,Arabic,test
zogby,Arabic,test
nader,Arabic,test
shamon,Arabic,test
bitar,Arabic,test
mansour,Arabic,test
hadad,Arabic,test
handal,Arabic,test
baba,Arabic,test
hadad,Arabic,test
boutros,Arabic,test
mansour,Arabic,test
totah,Arabic,test
shamoun,Arabic,test
mikhail,Arabic,test
haik,Arabic,test
ba,Arabic,test
nazari,Arabic,test
sarraf,Arabic,test
shadid,Arabic,test
attia,Arabic,test
moghadam,Arabic,test
ganim,Arabic,test
quraishi,Arabic,test
masih,Arabic,test
shalhoub,Arabic,test
hajjar,Arabic,test
wasem,Arabic,test
mansour,Arabic,test
shadid,Arabic,test
nahas,Arabic,test
koury,Arabic,test
aswad,Arabic,test
toma,Arabic,test
abboud,Arabic,test
khoury,Arabic,test
attia,Arabic,test
moghadam,Arabic,test
mustafa,Arabic,test
awad,Arabic,test
qureshi,Arabic,test
kattan,Arabic,test
mansour,Arabic,test
handal,Arabic,test
said,Arabic,test
kassis,Arabic,test
kouri,Arabic,test
assaf,Arabic,test
halabi,Arabic,test
nader,Arabic,test
baba,Arabic,test
sayegh,Arabic,test
tannous,Arabic,test
ganim,Arabic,test
issa,Arabic,test
atiyeh,Arabic,test
seif,Arabic,test
ghannam,Arabic,test
issa,Arabic,test
srour,Arabic,test
dagher,Arabic,test
handal,Arabic,test
malouf,Arabic,test
najjar,Arabic,test
abadi,Arabic,test
hakimi,Arabic,test
kassis,Arabic,test
aswad,Arabic,test
sabbag,Arabic,test
essa,Arabic,test
arian,Arabic,test
dagher,Arabic,test
khoury,Arabic,test
khouri,Arabic,test
zogby,Arabic,test
koury,Arabic,test
hakimi,Arabic,test
naifeh,Arabic,test
baz,Arabic,test
kassis,Arabic,test
boutros,Arabic,test
isa,Arabic,test
harb,Arabic,test
quraishi,Arabic,test
masih,Arabic,test
gerges,Arabic,test
rahal,Arabic,test
nahas,Arabic,test
tuma,Arabic,test
bata,Arabic,test
antar,Arabic,test
naifeh,Arabic,test
naser,Arabic,test
zogby,Arabic,test
moghadam,Arabic,test
kouri,Arabic,test
deeb,Arabic,test
shadid,Arabic,test
harb,Arabic,test
naser,Arabic,test
harb,Arabic,test
mansour,Arabic,test
nader,Arabic,test
naifeh,Arabic,test
shadid,Arabic,test
daher,Arabic,test
samaha,Arabic,test
sarraf,Arabic,test
kattan,Arabic,test
sarkis,Arabic,test
tannous,Arabic,test
sarkis,Arabic,test
kanaan,Arabic,test
shamon,Arabic,test
safar,Arabic,test
asghar,Arabic,test
asfour,Arabic,test
ganem,Arabic,test
ghannam,Arabic,test
said,Arabic,test
gerges,Arabic,test
haddad,Arabic,test
shamoon,Arabic,test
gerges,Arabic,test
quraishi,Arabic,test
najjar,Arabic,test
morcos,Arabic,test
daher,Arabic,test
zogby,Arabic,test
qureshi,Arabic,test
nassar,Arabic,test
sarraf,Arabic,test
toma,Arabic,test
mifsud,Arabic,test
boutros,Arabic,test
shamon,Arabic,test
saliba,Arabic,test
shadid,Arabic,test
maloof,Arabic,test
issa,Arabic,test
assaf,Arabic,test
koury,Arabic,test
shammas,Arabic,test
shammas,Arabic,test
safar,Arabic,test
khouri,Arabic,test
ganim,Arabic,test
hajjar,Arabic,test
malouf,Arabic,test
mifsud,Arabic,test
kattan,Arabic,test
baz,Arabic,test
botros,Arabic,test
arian,Arabic,test
harb,Arabic,test
ba,Arabic,test
attia,Arabic,test
mifsud,Arabic,test
ganem,Arabic,test
bazzi,Arabic,test
deeb,Arabic,test
harb,Arabic,test
isa,Arabic,test
tuma,Arabic,test
hakimi,Arabic,test
gerges,Arabic,test
shalhoub,Arabic,test
hajjar,Arabic,test
baz,Arabic,test
salib,Arabic,test
hakimi,Arabic,test
koury,Arabic,test
morcos,Arabic,test
totah,Arabic,test
touma,Arabic,test
tsen,Chinese,train
zang,Chinese,train
kuang,Chinese,train
xin,Chinese,train
bei,Chinese,train
cheng,Chinese,train
feng,Chinese,train
kwong,Chinese,train
shen,Chinese,train
wan,Chinese,train
tow,Chinese,train
ling,Chinese,train
ping,Chinese,train
fan,Chinese,train
yan,Chinese,train
cheung,Chinese,train
shui,Chinese,train
nao,Chinese,train
yuan,Chinese,train
gim,Chinese,train
chu,Chinese,train
jin,Chinese,train
wan,Chinese,train
juan,Chinese,train
long,Chinese,train
mar,Chinese,train
hang,Chinese,train
xing,Chinese,train
bai,Chinese,train
lai,Chinese,train
ding,Chinese,train
shuai,Chinese,train
wang,Chinese,train
cao,Chinese,train
tai,Chinese,train
deng,Chinese,train
zhuo,Chinese,train
bian,Chinese,train
tsang,Chinese,train
luo,Chinese,train
yin,Chinese,train
zha,Chinese,train
rong,Chinese,train
khu,Chinese,train
zhui,Chinese,train
thien,Chinese,train
miao,Chinese,train
cuan,Chinese,train
huang,Chinese,train
au yong,Chinese,train
teng,Chinese,train
liu,Chinese,train
kong,Chinese,train
fei,Chinese,train
gong,Chinese,train
rao,Chinese,train
hew,Chinese,train
que,Chinese,train
tze,Chinese,train
kau,Chinese,train
guan,Chinese,train
xun,Chinese,train
lew,Chinese,train
gauk,Chinese,train
wen,Chinese,train
khoo,Chinese,train
qian,Chinese,train
min,Chinese,train
kan,Chinese,train
xian,Chinese,train
shao,Chinese,train
guang,Chinese,train
wei,Chinese,train
zong,Chinese,train
jiang,Chinese,train
zeng,Chinese,train
niu,Chinese,train
huan,Chinese,train
zhuan,Chinese,train
sze,Chinese,train
ran,Chinese,train
zhou,Chinese,train
cong,Chinese,train
qiao,Chinese,train
ruan,Chinese,train
zou,Chinese,train
tong,Chinese,train
chan,Chinese,train
nie,Chinese,train
gou,Chinese,train
sui,Chinese,train
yan,Chinese,train
han,Chinese,train
kang,Chinese,train
zhao,Chinese,train
shan,Chinese,train
song,Chinese,train
lang,Chinese,train
xing,Chinese,train
hua,Chinese,train
fung,Chinese,train
woo,Chinese,train
shi,Chinese,train
joe,Chinese,train
bui,Chinese,train
hor,Chinese,train
shang,Chinese,train
yin,Chinese,train
qiu,Chinese,train
ying,Chinese,train
yue,Chinese,train
lin,Chinese,train
mao,Chinese,train
lau,Chinese,train
jin,Chinese,train
xue,Chinese,train
shuo,Chinese,train
ban,Chinese,train
yap,Chinese,train
hui,Chinese,train
mah,Chinese,train
bing,Chinese,train
dai,Chinese,train
tao,Chinese,train
chu,Chinese,train
siew,Chinese,train
chi,Chinese,train
xiang,Chinese,train
see,Chinese,train
you,Chinese,train
liang,Chinese,train
zhu,Chinese,train
zhong,Chinese,train
bao,Chinese,train
xie,Chinese,train
lian,Chinese,train
zhi,Chinese,train
shaw,Chinese,train
ou yang,Chinese,train
kwan,Chinese,train
zhen,Chinese,train
yau,Chinese,train
zha,Chinese,train
ming,Chinese,train
yuan,Chinese,train
quan,Chinese,train
rui,Chinese,train
zhan,Chinese,train
yao,Chinese,train
chew,Chinese,train
gan,Chinese,train
cen,Chinese,train
luo,Chinese,train
jiu,Chinese,train
she,Chinese,val
tso,Chinese,val
gwock,Chinese,val
jue,Chinese,val
jia,Chinese,val
yep,Chinese,val
chai,Chinese,val
wong,Chinese,val
wei,Chinese,val
foong,Chinese,val
che,Chinese,val
seah,Chinese,val
jiao,Chinese,val
yang,Chinese,val
cui,Chinese,val
tang,Chinese,val
dan,Chinese,val
siu,Chinese,val
sum,Chinese,val
chang,Chinese,val
xiao,Chinese,val
rang,Chinese,val
gai,Chinese,val
ang,Chinese,val
ying,Chinese,val
thean,Chinese,val
hao,Chinese,val
mei,Chinese,val
kui,Chinese,val
law,Chinese,val
shi,Chinese,val
qin,Chinese,val
zhang,Chinese,val
huo,Chinese,test
qiu,Chinese,test
jing,Chinese,test
huan,Chinese,test
lam,Chinese,test
lu ,Chinese,test
yun,Chinese,test
chen,Chinese,test
chieu,Chinese,test
duan,Chinese,test
won,Chinese,test
pan,Chinese,test
dong,Chinese,test
shu,Chinese,test
guo,Chinese,test
zhang,Chinese,test
eng,Chinese,test
pian,Chinese,test
lim,Chinese,test
huie,Chinese,test
seow,Chinese,test
zhai,Chinese,test
ow yang,Chinese,test
jian,Chinese,test
pang,Chinese,test
kwei,Chinese,test
chong,Chinese,test
tse,Chinese,test
man,Chinese,test
mui,Chinese,test
yee,Chinese,test
loh,Chinese,test
cai,Chinese,test
uhlik,Czech,train
soucek,Czech,train
jaluvka,Czech,train
wilchek,Czech,train
havlice,Czech,train
pinter,Czech,train
petrezelka,Czech,train
ransom,Czech,train
bolcar,Czech,train
glockl,Czech,train
loskot,Czech,train
chalupka,Czech,train
alt,Czech,train
mojzis,Czech,train
wizner,Czech,train
coma,Czech,train
gavalok,Czech,train
georgijev,Czech,train
bartonova,Czech,train
hajicek,Czech,train
kaplanek,Czech,train
purdes,Czech,train
jirovy,Czech,train
kriz,Czech,train
netsch,Czech,train
krawiec,Czech,train
chicken,Czech,train
hovanec,Czech,train
matjeka,Czech,train
svejda,Czech,train
ballaltick,Czech,train
maxa b,Czech,train
korycan,Czech,train
stites,Czech,train
husk,Czech,train
konarik,Czech,train
pretsch,Czech,train
stegon,Czech,train
hana,Czech,train
soukup,Czech,train
stepan,Czech,train
skala,Czech,train
whitmire ,Czech,train
blahut,Czech,train
merta,Czech,train
furtsch,Czech,train
marik,Czech,train
tomasek,Czech,train
kuffel,Czech,train
vejvoda,Czech,train
pachr,Czech,train
semick,Czech,train
malafa,Czech,train
dehmel,Czech,train
kolacny,Czech,train
opp,Czech,train
satorie,Czech,train
novak,Czech,train
koliha,Czech,train
cerny,Czech,train
kusak,Czech,train
janoch,Czech,train
hanzlik,Czech,train
krhovsky,Czech,train
koci,Czech,train
kessel,Czech,train
abl,Czech,train
vavra,Czech,train
cernochova,Czech,train
malecha,Czech,train
herodes,Czech,train
plisko,Czech,train
hanusch,Czech,train
blazek,Czech,train
paisar,Czech,train
pillar,Czech,train
markytan,Czech,train
vlasek,Czech,train
vykruta,Czech,train
sekovora,Czech,train
riha,Czech,train
votke,Czech,train
prachar,Czech,train
morek,Czech,train
kreisinger,Czech,train
glatter,Czech,train
fojtikova,Czech,train
slezak,Czech,train
prehatney,Czech,train
morava,Czech,train
trnkova,Czech,train
picha,Czech,train
rzehak,Czech,train
paiser,Czech,train
hajek,Czech,train
maly,Czech,train
faltejsek,Czech,train
rebka,Czech,train
klemper,Czech,train
sztegon,Czech,train
bilek,Czech,train
tykal,Czech,train
kozumplikova,Czech,train
uerling,Czech,train
schubert,Czech,train
siegl,Czech,train
riedel,Czech,train
neisser,Czech,train
pellar,Czech,train
savchak,Czech,train
weineltk,Czech,train
perina,Czech,train
panek,Czech,train
ustohal,Czech,train
hradek,Czech,train
kurtz,Czech,train
mozzis,Czech,train
mayer,Czech,train
marek,Czech,train
schmeiser,Czech,train
egr,Czech,train
kosko,Czech,train
holub,Czech,train
sappe,Czech,train
mojjis,Czech,train
wykruta,Czech,train
zak,Czech,train
divoky,Czech,train
svocak,Czech,train
zaruba,Czech,train
monkoaustria,Czech,train
molcan,Czech,train
sappe,Czech,train
kafka,Czech,train
svotak,Czech,train
hodowal,Czech,train
camfrlova,Czech,train
buchta,Czech,train
kasimor,Czech,train
svotchak,Czech,train
schlantz,Czech,train
stramba,Czech,train
kratschmar,Czech,train
perevuznik,Czech,train
pokorny,Czech,train
janca,Czech,train
pavlu,Czech,train
vlach,Czech,train
staska,Czech,train
schallom,Czech,train
nemec,Czech,train
ritchie,Czech,train
ajdrna,Czech,train
skeril,Czech,train
sip,Czech,train
pawlak,Czech,train
muhlbauer,Czech,train
kupfel,Czech,train
jares,Czech,train
jirik,Czech,train
krivolavy,Czech,train
faltysek,Czech,train
pech,Czech,train
till,Czech,train
dopita,Czech,train
hlavsa,Czech,train
rozinek,Czech,train
rafaj ,Czech,train
borovski,Czech,train
finfera,Czech,train
hajkova,Czech,train
victor,Czech,train
bohac,Czech,train
rezac,Czech,train
linart,Czech,train
borowski,Czech,train
machacek,Czech,train
peary,Czech,train
jirava,Czech,train
kara,Czech,train
chermak,Czech,train
jindra,Czech,train
navara,Czech,train
vlach,Czech,train
bohunovsky,Czech,train
silhan,Czech,train
hrdy,Czech,train
chromy,Czech,train
zoucha,Czech,train
urbanek ,Czech,train
hladky,Czech,train
karlovsky,Czech,train
fencl,Czech,train
vlasak,Czech,train
piller,Czech,train
hiorvst,Czech,train
cerny,Czech,train
veverka,Czech,train
benesch,Czech,train
urista,Czech,train
entler,Czech,train
kafka,Czech,train
frierdich,Czech,train
jelinek,Czech,train
zwolenksy,Czech,train
jedlicka,Czech,train
snelker,Czech,train
opova,Czech,train
kesl,Czech,train
cerda,Czech,train
demall,Czech,train
safko,Czech,train
bock,Czech,train
vaca,Czech,train
nestrojil,Czech,train
ondrisek,Czech,train
voneve,Czech,train
hanika,Czech,train
janick,Czech,train
kucera,Czech,train
kofron,Czech,train
hanek,Czech,train
matejka,Czech,train
cernohous,Czech,train
novy,Czech,train
demko,Czech,train
finferovy,Czech,train
cermak,Czech,train
brezovjak,Czech,train
brousil,Czech,train
grygarova,Czech,train
hafernik,Czech,train
klein,Czech,train
colling,Czech,train
navrkal,Czech,train
homulka,Czech,train
katschker,Czech,train
wood,Czech,train
skomicka,Czech,train
cablikova,Czech,train
shima,Czech,train
smith,Czech,train
prill,Czech,train
slivka,Czech,train
koberna,Czech,train
janosik,Czech,train
planick,Czech,train
heidl,Czech,train
kreutschmer,Czech,train
ludwig,Czech,train
volcik,Czech,train
skwor,Czech,train
korycansky,Czech,train
schneider,Czech,train
bruckner,Czech,train
pavlik,Czech,train
ballalatak,Czech,train
novy,Czech,train
lynsmeier,Czech,train
peisar,Czech,train
krupala,Czech,train
gabrisova,Czech,train
ponec,Czech,train
kucharova,Czech,train
trampota,Czech,train
ponec,Czech,train
ocaskova,Czech,train
kanak,Czech,train
kocian,Czech,train
dinko,Czech,train
ruda,Czech,train
betlach,Czech,train
dempko,Czech,train
widerlechner,Czech,train
rumisek,Czech,train
oborny,Czech,train
driml,Czech,train
hodoval,Czech,train
jobst,Czech,train
blazek,Czech,train
ozimuk,Czech,train
quasninsky,Czech,train
janutka,Czech,train
grulich,Czech,train
zajicek,Czech,train
hynna,Czech,train
jonas,Czech,train
hartl,Czech,train
slepica,Czech,train
biganska,Czech,val
opizka,Czech,val
urbanovska,Czech,val
srda,Czech,val
krivan,Czech,val
lind,Czech,val
psik,Czech,val
duyava,Czech,val
navratil,Czech,val
vaculova,Czech,val
pitterman,Czech,val
borovka,Czech,val
macha,Czech,val
seger,Czech,val
simonek,Czech,val
michalovicova,Czech,val
strakao,Czech,val
khork,Czech,val
petru,Czech,val
antonowitz,Czech,val
weiss,Czech,val
kazimor,Czech,val
kenzel,Czech,val
koukal,Czech,val
fillipova,Czech,val
petersen,Czech,val
skokan,Czech,val
pavlicka,Czech,val
chemlik,Czech,val
brabbery,Czech,val
kudrna,Czech,val
riha,Czech,val
cihak,Czech,val
kremlacek,Czech,val
klimes,Czech,val
pfeifer,Czech,val
spoerl,Czech,val
kober,Czech,val
persein,Czech,val
cerv,Czech,val
adsit,Czech,val
nemecek,Czech,val
grabski,Czech,val
borovsky,Czech,val
havlatova,Czech,val
geier,Czech,val
ruzicka,Czech,val
dvorak,Czech,val
swatchak,Czech,val
zajicek,Czech,val
hrabak,Czech,val
palzewicz,Czech,val
hawlata,Czech,val
tomes,Czech,val
hanzlick,Czech,val
slejtr,Czech,val
raffel,Czech,val
samz,Czech,val
wiesner,Czech,val
kruessel,Czech,val
treblik,Czech,val
sponer,Czech,val
cermak,Czech,test
sarna,Czech,test
werlla,Czech,test
kofel,Czech,test
svoboda,Czech,test
mudra,Czech,test
trampotova,Czech,test
stangl,Czech,test
bacon,Czech,test
zipperer,Czech,test
stupka,Czech,test
pesek,Czech,test
kulhanek,Czech,test
malec,Czech,test
zitka,Czech,test
nadwornik,Czech,test
schmied,Czech,test
nadvornizch,Czech,test
giersig,Czech,test
geryk,Czech,test
monfort,Czech,test
drassal,Czech,test
okenfuss,Czech,test
urbanek,Czech,test
sokolik,Czech,test
koma,Czech,test
antonowitsch,Czech,test
patril,Czech,test
cvacek,Czech,test
schenk,Czech,test
oesterreicher,Czech,test
jarzembowski,Czech,test
subertova,Czech,test
holan,Czech,test
clineburg,Czech,test
sabol,Czech,test
kouba,Czech,test
blecha,Czech,test
kopecky,Czech,test
hudecek,Czech,test
kremlicka,Czech,test
fenyo,Czech,test
kasa,Czech,test
spicka,Czech,test
tikal,Czech,test
koza,Czech,test
tejc,Czech,test
stotzky,Czech,test
suchanka,Czech,test
charlott,Czech,test
janicek,Czech,test
cerney,Czech,test
nowak,Czech,test
hrula,Czech,test
tomanek,Czech,test
pear,Czech,test
toman,Czech,test
neusser,Czech,test
jirku,Czech,test
dolezal,Czech,test
kouba,Czech,test
hadash,Czech,test
lawa,Czech,test
peerenboom,Dutch,train
simon,Dutch,train
smits,Dutch,train
cann,Dutch,train
peter,Dutch,train
schneijders,Dutch,train
hassel,Dutch,train
snyders,Dutch,train
schoorel,Dutch,train
spijker,Dutch,train
sniders,Dutch,train
smit,Dutch,train
pey,Dutch,train
maes,Dutch,train
rooijakker,Dutch,train
penner,Dutch,train
aggelen,Dutch,train
schenck,Dutch,train
kanne,Dutch,train
romijnders,Dutch,train
apeldoorn,Dutch,train
aalst,Dutch,train
haenraets,Dutch,train
romeijn,Dutch,train
specht,Dutch,train
rossem,Dutch,train
sneijder,Dutch,train
laren,Dutch,train
vann,Dutch,train
mohren,Dutch,train
amersvoort,Dutch,train
andel,Dutch,train
daele,Dutch,train
vandroogenbroeck,Dutch,train
snell,Dutch,train
ramecker,Dutch,train
hautum,Dutch,train
ter,Dutch,train
daal,Dutch,train
middlesworth,Dutch,train
meeuwessen,Dutch,train
smets,Dutch,train
aalsburg,Dutch,train
venn,Dutch,train
severins,Dutch,train
segers,Dutch,train
theunissen,Dutch,train
lyon,Dutch,train
langbroek,Dutch,train
rietveld,Dutch,train
reinder,Dutch,train
kuijpers,Dutch,train
klerx,Dutch,train
koumans,Dutch,train
dael,Dutch,train
roijakker,Dutch,train
ramakers,Dutch,train
koemans,Dutch,train
tunison,Dutch,train
rompaey,Dutch,train
teunissen,Dutch,train
adrichem,Dutch,train
reijnder,Dutch,train
oorschot,Dutch,train
ryskamp,Dutch,train
hanraets,Dutch,train
donk,Dutch,train
rossum,Dutch,train
michel,Dutch,train
simonis,Dutch,train
rompaeij,Dutch,train
reynder,Dutch,train
penners,Dutch,train
leeuwenhoek,Dutch,train
krantz,Dutch,train
daalen,Dutch,train
leeuwenhoek,Dutch,train
nifterick,Dutch,train
schoorel,Dutch,train
houtem,Dutch,train
middelburg,Dutch,train
beek,Dutch,train
rijnders,Dutch,train
ven,Dutch,train
horn,Dutch,train
klerken,Dutch,train
meeuwissen,Dutch,train
nagel,Dutch,train
rijnder,Dutch,train
rompaij,Dutch,train
nifterick,Dutch,train
seegers,Dutch,train
lucas,Dutch,train
laar,Dutch,train
haanraats,Dutch,train
roijakkers,Dutch,train
achteren,Dutch,train
schrijnemakers,Dutch,train
merckx,Dutch,train
rompaye,Dutch,train
lauwens,Dutch,train
seelen,Dutch,train
rademakers,Dutch,train
houtum,Dutch,train
nifterik,Dutch,train
reynders,Dutch,train
mooren,Dutch,train
veen,Dutch,train
roosa,Dutch,train
rutten,Dutch,train
schorel,Dutch,train
klerkx,Dutch,train
reinders,Dutch,train
houttum,Dutch,train
hautem,Dutch,train
sneijer,Dutch,train
klerkse,Dutch,train
mas,Dutch,train
laar,Dutch,train
denend,Dutch,train
antwerp,Dutch,train
pender,Dutch,train
tholberg,Dutch,train
canne,Dutch,train
andringa,Dutch,train
kloet,Dutch,train
schuyler,Dutch,train
kloeter,Dutch,train
baarle,Dutch,train
antwerpen,Dutch,train
achthoven,Dutch,train
snider,Dutch,train
ramaker,Dutch,train
raske,Dutch,train
amstel,Dutch,train
herten,Dutch,train
althuis,Dutch,train
penders,Dutch,train
offermans,Dutch,train
meeuwsen,Dutch,train
richard,Dutch,train
nelissen,Dutch,train
sneiders,Dutch,train
philips,Dutch,train
seeger,Dutch,train
leeuwenhoeck,Dutch,train
agteren,Dutch,train
kools,Dutch,train
kloeten,Dutch,train
lauwers,Dutch,train
schneijder,Dutch,train
kolen,Dutch,train
houte,Dutch,train
asch,Dutch,train
kuiper,Dutch,train
altena,Dutch,train
ogterop,Dutch,train
maas,Dutch,train
nifterik,Dutch,train
snyder,Dutch,train
buggenum,Dutch,train
haanrade,Dutch,train
aart,Dutch,train
kappel,Dutch,train
bueren,Dutch,train
haanrath,Dutch,val
paulissen,Dutch,val
ophoven,Dutch,val
rompu,Dutch,val
haenraats,Dutch,val
peij,Dutch,val
snijder,Dutch,val
roggeveen,Dutch,val
meeuweszen,Dutch,val
andel,Dutch,val
sneijders,Dutch,val
silje,Dutch,val
schoorl,Dutch,val
niftrik,Dutch,val
sevriens,Dutch,val
schneider,Dutch,val
haanraads,Dutch,val
akker,Dutch,val
kan,Dutch,val
berg,Dutch,val
aller,Dutch,val
schoonraad,Dutch,val
rooiakker,Dutch,val
rameckers,Dutch,val
meisner,Dutch,val
sanna,Dutch,val
vennen,Dutch,val
spiker,Dutch,val
rooijakkers,Dutch,val
seghers,Dutch,val
marquering,Dutch,val
roosevelt,Dutch,val
hout,Dutch,val
schwarzenberg,Dutch,val
romijn,Dutch,val
klerks,Dutch,test
avest,Dutch,test
stoep,Dutch,test
dale,Dutch,test
koeman,Dutch,test
tunneson,Dutch,test
can,Dutch,test
muyskens,Dutch,test
kollen,Dutch,test
peeters,Dutch,test
schneiders,Dutch,test
schoonenburg,Dutch,test
akkeren,Dutch,test
buren,Dutch,test
rompa,Dutch,test
meeuwes,Dutch,test
severijns,Dutch,test
prinsen,Dutch,test
marqueringh,Dutch,test
kranz,Dutch,test
assen,Dutch,test
rumpade,Dutch,test
rompa,Dutch,test
snaaijer,Dutch,test
oorschot,Dutch,test
rooiakkers,Dutch,test
tillens,Dutch,test
vandale,Dutch,test
kool,Dutch,test
slootmaekers,Dutch,test
klein,Dutch,test
kikkert,Dutch,test
ramaaker,Dutch,test
kuipers,Dutch,test
mulder,Dutch,test
rompuy,Dutch,test
griggs,English,train
jolley,English,train
kidman,English,train
odea,English,train
ibbs,English,train
allington,English,train
nutella,English,train
lane,English,train
armsden,English,train
peebles,English,train
vinton,English,train
jarrold,English,train
kerr,English,train
wolf,English,train
beck,English,train
betts,English,train
levine,English,train
pritchard,English,train
proctor,English,train
heritage,English,train
hussein,English,train
robinson,English,train
newington,English,train
brunton,English,train
waldron,English,train
slater,English,train
warden,English,train
sherwood,English,train
pannell,English,train
thom,English,train
hansen,English,train
pattison,English,train
macmillan,English,train
kinchin,English,train
jasper,English,train
ackary,English,train
benson,English,train
davis,English,train
greensmith,English,train
kinder,English,train
partlett,English,train
piercey,English,train
goldsmith,English,train
rose,English,train
jordan,English,train
vickery,English,train
horton,English,train
blackburn,English,train
fotheringham,English,train
travill,English,train
holgate,English,train
alden,English,train
jewitt,English,train
rumsey,English,train
kimble,English,train
howells,English,train
tompkin,English,train
crook,English,train
farhall,English,train
lendon,English,train
hutton,English,train
govender,English,train
tisdall,English,train
lewin,English,train
corrigan,English,train
niles,English,train
ormiston,English,train
edgell,English,train
millard,English,train
topp,English,train
chalmers,English,train
keffler,English,train
clay,English,train
hobbs,English,train
annan,English,train
vince,English,train
jeffers,English,train
ahmad,English,train
reasbeck,English,train
lennard,English,train
abrahams,English,train
tapping,English,train
cotterill,English,train
ruscoe,English,train
saunders,English,train
farr,English,train
atkin,English,train
myatt,English,train
dallas,English,train
nicholl,English,train
walker,English,train
arcy,English,train
gibson,English,train
nobbs,English,train
wootton,English,train
rodwell,English,train
burr,English,train
hindle,English,train
readle,English,train
bain,English,train
salter,English,train
keogh,English,train
fearnley,English,train
keywood,English,train
strange,English,train
mawson,English,train
oakley,English,train
griffiths,English,train
oreilly,English,train
passmore,English,train
bower,English,train
illing,English,train
thorley,English,train
kings,English,train
coffey,English,train
kurian,English,train
wormald,English,train
buxton,English,train
hardwick,English,train
rollinson,English,train
loft,English,train
groves,English,train
brennan,English,train
taylor,English,train
burke,English,train
tappin,English,train
ewing,English,train
thurling,English,train
rainford,English,train
jepson,English,train
addley,English,train
robin,English,train
redin,English,train
traynor,English,train
rushby,English,train
foran,English,train
stephenson,English,train
atterbury,English,train
turner,English,train
pole,English,train
dunsford,English,train
holder,English,train
vaughn,English,train
hamilton,English,train
tolley,English,train
valentine,English,train
dimmock,English,train
brookes,English,train
kenrick,English,train
anakin,English,train
hetherington,English,train
friel,English,train
redman,English,train
macfarlane,English,train
dickens,English,train
deane,English,train
newall,English,train
tinsley,English,train
jones,English,train
lovell,English,train
eley,English,train
wainwright,English,train
sands,English,train
riddle,English,train
gibbins,English,train
etheridge,English,train
howie,English,train
winter,English,train
beer,English,train
rankin,English,train
kore,English,train
kempson,English,train
greenleaf,English,train
paine,English,train
ainley,English,train
gillan,English,train
fifield,English,train
copley,English,train
briggs,English,train
isman,English,train
mcguinness,English,train
broadbent,English,train
albutt,English,train
ware,English,train
eadie,English,train
sargent,English,train
mills,English,train
neish,English,train
cove,English,train
axon,English,train
water,English,train
probert,English,train
twine,English,train
mair,English,train
frankland,English,train
oconnor,English,train
couch,English,train
levin,English,train
falk,English,train
macdonald,English,train
quinn,English,train
cherry,English,train
mccartney,English,train
akram,English,train
newey,English,train
utterson,English,train
jeffcock,English,train
perry,English,train
errity,English,train
simons,English,train
jeffreys,English,train
felix,English,train
george,English,train
kirkbright,English,train
gold,English,train
delamarre,English,train
elms,English,train
langston,English,train
jonas,English,train
tomkins,English,train
ingleby,English,train
dawkins,English,train
glover,English,train
pryor,English,train
noble,English,train
jury,English,train
oram,English,train
dreyer,English,train
wheeler,English,train
moseley,English,train
magee,English,train
chatterton,English,train
mckenzie,English,train
emms,English,train
emmery,English,train
conroy,English,train
lomax,English,train
bentley,English,train
bale,English,train
gillam,English,train
pomphrey,English,train
wild,English,train
carnegie,English,train
finlay,English,train
fairclough,English,train
elsmore,English,train
otton,English,train
norton,English,train
stanford,English,train
farren,English,train
erridge,English,train
locke,English,train
bailey,English,train
mccallum,English,train
ripley,English,train
foden,English,train
kinniburgh,English,train
kipling,English,train
burman,English,train
chelmy,English,train
deans,English,train
eastham,English,train
jacks,English,train
forde,English,train
jamieson,English,train
nuttall,English,train
long,English,train
addison,English,train
holden,English,train
hussey,English,train
pinder,English,train
newland,English,train
parkin,English,train
jubb,English,train
parmar,English,train
elven,English,train
pullen,English,train
ellwood,English,train
parker,English,train
gavin,English,train
ambrose,English,train
okten,English,train
keith,English,train
alam,English,train
mann,English,train
hills,English,train
nourse,English,train
coward,English,train
attard,English,train
newbold,English,train
ingermann,English,train
powers,English,train
tong,English,train
aylett,English,train
aderson,English,train
shea,English,train
cullen,English,train
rossi,English,train
tindall,English,train
appleyard,English,train
thatcher,English,train
stephen,English,train
amin,English,train
aldren,English,train
hurst,English,train
vickers,English,train
macarthur,English,train
walls,English,train
glasby,English,train
foss,English,train
marsh,English,train
purvis,English,train
muir,English,train
ellery,English,train
radley,English,train
pope,English,train
parkes,English,train
harkness,English,train
eldridge,English,train
reese,English,train
newton,English,train
abbey,English,train
read,English,train
snell,English,train
moreno,English,train
smallwood,English,train
dack,English,train
ledger,English,train
pillay,English,train
costello,English,train
howe,English,train
lofthouse,English,train
keilty,English,train
forshaw,English,train
gilmore,English,train
ebden,English,train
mcmahon,English,train
anwar,English,train
torney,English,train
ashbrook,English,train
patterson,English,train
pickersgill,English,train
tatlow,English,train
tweddle,English,train
deighton,English,train
griffith,English,train
ramm,English,train
de,English,train
collett,English,train
daniells,English,train
hodgson,English,train
caddy,English,train
gandham,English,train
hedley,English,train
vine,English,train
frederikson,English,train
mundy,English,train
keefe,English,train
allard,English,train
alway,English,train
youlden,English,train
caldwell,English,train
wheeldon,English,train
glenn,English,train
jacobson,English,train
tobin,English,train
partridge,English,train
austen,English,train
hampton,English,train
weldon,English,train
norgate,English,train
jacob,English,train
everett,English,train
moffat,English,train
trainor,English,train
flack,English,train
whitfield,English,train
lindop,English,train
stoddart,English,train
frankish,English,train
ranger,English,train
williamson,English,train
manning,English,train
guinard,English,train
rigg,English,train
lindo,English,train
tindell,English,train
sallis,English,train
hyde,English,train
rapson,English,train
thonon,English,train
peters,English,train
hutchinson,English,train
bradshaw,English,train
furnell,English,train
rosenblatt,English,train
green,English,train
craig,English,train
fairley,English,train
nutt,English,train
otoole,English,train
weeks,English,train
cairns,English,train
tovar,English,train
walters,English,train
cooper,English,train
goodacre,English,train
shand,English,train
richter,English,train
farnum,English,train
conway,English,train
batty,English,train
jems,English,train
veasey,English,train
kirby,English,train
dixon,English,train
dempsey,English,train
eason,English,train
willson,English,train
enticott,English,train
farrier,English,train
everton,English,train
timberlake,English,train
mackenzie,English,train
fellmen,English,train
kinsella,English,train
tilley,English,train
keetley,English,train
bowers,English,train
mckeown,English,train
mcculloch,English,train
poon,English,train
towell,English,train
blundell,English,train
wilkin,English,train
mohamed,English,train
rosser,English,train
froy,English,train
carty,English,train
jewkes,English,train
hampson,English,train
endroe,English,train
goodson,English,train
ingledew,English,train
adair,English,train
yule,English,train
blakey,English,train
clegg,English,train
gibbons,English,train
normington,English,train
newsome,English,train
bannister,English,train
jeffery,English,train
kill,English,train
driver,English,train
fountain,English,train
towers,English,train
tinkler,English,train
munro,English,train
albert,English,train
beamish,English,train
mullins,English,train
healey,English,train
diamond,English,train
stack,English,train
crowley,English,train
otten,English,train
ashdown,English,train
hughes,English,train
corcoran,English,train
pack,English,train
carney,English,train
bristow,English,train
elmes,English,train
marriott,English,train
redden,English,train
holding,English,train
clough,English,train
wickens,English,train
richman,English,train
newell,English,train
wotherspoon,English,train
odell,English,train
barnard,English,train
dorman,English,train
kingston,English,train
kennell,English,train
larkin,English,train
richards,English,train
gaynor,English,train
whelan,English,train
patrick,English,train
chamberlain,English,train
wyer,English,train
tatnell,English,train
legg,English,train
gough,English,train
eddleston,English,train
bishop,English,train
parnell,English,train
milford,English,train
kydd,English,train
maddocks,English,train
ganivet,English,train
allsop,English,train
hallam,English,train
johnstone,English,train
singleton,English,train
hawkes,English,train
bouvet,English,train
penney,English,train
newsham,English,train
grayson,English,train
denton,English,train
hayes,English,train
edkins,English,train
wadham,English,train
kinnison,English,train
sheehan,English,train
aylott,English,train
blackmore,English,train
romans,English,train
warner,English,train
eggison,English,train
bowles,English,train
christie,English,train
wraight,English,train
weston,English,train
sanchez,English,train
langley,English,train
gunston,English,train
ayres,English,train
harwood,English,train
reardon,English,train
doble,English,train
lewington,English,train
raymond,English,train
roome,English,train
dunne,English,train
mohammed,English,train
ilett,English,train
wilton,English,train
tonner,English,train
beveridge,English,train
kenneth,English,train
nicholson,English,train
robson,English,train
cousin,English,train
overson,English,train
keenan,English,train
powell,English,train
knibb,English,train
attwood,English,train
linden,English,train
estlick,English,train
birch,English,train
orritt,English,train
fenlon,English,train
glass,English,train
kelliher,English,train
olding,English,train
grennan,English,train
ashworth,English,train
dwyer,English,train
madden,English,train
naumann,English,train
tarrant,English,train
elliman,English,train
humphries,English,train
oddie,English,train
steward,English,train
cookson,English,train
valmary,English,train
ayton,English,train
pennington,English,train
moore,English,train
oswald,English,train
winstanley,English,train
stephens,English,train
pollard,English,train
rowley,English,train
featherstone,English,train
redding,English,train
hepples,English,train
lucey,English,train
gifford,English,train
stone,English,train
tatlock,English,train
ramsey,English,train
rodgers,English,train
emmanuel,English,train
deakin,English,train
foucher,English,train
conrad,English,train
drysdale,English,train
fowler,English,train
rowlinson,English,train
drinkwater,English,train
french,English,train
avenue,English,train
ennos,English,train
colley,English,train
fallows,English,train
jonhson,English,train
peigne,English,train
radford,English,train
burland,English,train
armstrong,English,train
head,English,train
shaughnessy,English,train
cotton,English,train
giles,English,train
faulkner,English,train
lyons,English,train
bob,English,train
newson,English,train
trollope,English,train
drewett,English,train
ashman,English,train
lumsden,English,train
whalley,English,train
loughran,English,train
webber,English,train
downton,English,train
kewley,English,train
neale,English,train
clarkson,English,train
horner,English,train
apsley,English,train
venables,English,train
killick,English,train
dyerson,English,train
ullman,English,train
timmins,English,train
english,English,train
trennery,English,train
bone,English,train
duke,English,train
hassani,English,train
franklin,English,train
ludkin,English,train
rice,English,train
fulleron,English,train
jenner,English,train
melia,English,train
mac,English,train
leslie,English,train
wrench,English,train
nickolls,English,train
rennie,English,train
adsett,English,train
ewart,English,train
roth,English,train
barnett,English,train
whittley,English,train
kilnan,English,train
brunet,English,train
gallacher,English,train
emmons,English,train
england,English,train
wiseman,English,train
oxtoby,English,train
trueman,English,train
churchill,English,train
addinall,English,train
fabb,English,train
reynolds,English,train
vancoller,English,train
kinnear,English,train
sparrow,English,train
towns,English,train
farre,English,train
reveley,English,train
craven,English,train
west,English,train
freeth,English,train
cliff,English,train
batchelor,English,train
akhtar,English,train
williams,English,train
jerome,English,train
douthwaite,English,train
lawther,English,train
acton,English,train
viner,English,train
snowden,English,train
dicker,English,train
steel,English,train
awad,English,train
chappell,English,train
capper,English,train
kaufman,English,train
luscombe,English,train
antram,English,train
reade,English,train
banner,English,train
kolt,English,train
norsworthy,English,train
eade,English,train
western,English,train
paul,English,train
fogg,English,train
kaye,English,train
nicol,English,train
weaver,English,train
prendergast,English,train
reay,English,train
nero,English,train
peck,English,train
ashbridge,English,train
whiting,English,train
duggan,English,train
horn,English,train
parr,English,train
newman,English,train
kane,English,train
gemmell,English,train
osullivan,English,train
salisbury,English,train
shotton,English,train
beal,English,train
dingle,English,train
duffield,English,train
telford,English,train
eckersley,English,train
weller,English,train
preston,English,train
jowitt,English,train
dyson,English,train
vincent,English,train
garber,English,train
pickthall,English,train
colman,English,train
patel,English,train
gibb,English,train
plastow,English,train
simms,English,train
adamson,English,train
bass,English,train
ginty,English,train
crow,English,train
jewers,English,train
lincoln,English,train
forster,English,train
gibbon,English,train
warwick,English,train
sharma,English,train
amner,English,train
park,English,train
aspinall,English,train
forsythe,English,train
nolan,English,train
curley,English,train
avis,English,train
aherne,English,train
willett,English,train
robbins,English,train
jarrett,English,train
inker,English,train
savage,English,train
sykes,English,train
ireson,English,train
knowler,English,train
kingdon,English,train
elphick,English,train
tomes,English,train
goddard,English,train
kenning,English,train
broadley,English,train
adam,English,train
rosenbloom,English,train
bowes,English,train
tombs,English,train
aitchison,English,train
waterhouse,English,train
wellington,English,train
hine,English,train
ebbs,English,train
furness,English,train
nessbert,English,train
urwin,English,train
gulley,English,train
reddy,English,train
hickman,English,train
anderson,English,train
bean,English,train
palin,English,train
nelmes,English,train
leese,English,train
pond,English,train
milward,English,train
black,English,train
mcgregor,English,train
glen,English,train
hackett,English,train
milligan,English,train
fryer,English,train
mcneill,English,train
dolcy,English,train
downey,English,train
furse,English,train
fowley,English,train
forbes,English,train
lunt,English,train
doherty,English,train
peake,English,train
howard,English,train
lind,English,train
quinlivan,English,train
last,English,train
waite,English,train
kaddour,English,train
jenkin,English,train
alliott,English,train
oakey,English,train
whittington,English,train
bate,English,train
brown,English,train
ostcliffe,English,train
foster,English,train
rick,English,train
groom,English,train
underdown,English,train
allkins,English,train
machin,English,train
ianson,English,train
curry,English,train
farrelly,English,train
treble,English,train
trew,English,train
adrol,English,train
salmon,English,train
thurbon,English,train
rodden,English,train
pitchford,English,train
kerrison,English,train
kelly,English,train
symes,English,train
fewtrell,English,train
johannson,English,train
pegg,English,train
everson,English,train
kerrighen,English,train
schmidt,English,train
doyle,English,train
bostock,English,train
alexandar,English,train
down,English,train
south,English,train
lattimore,English,train
rodham,English,train
ebdon,English,train
beattie,English,train
tang,English,train
feetham,English,train
tippins,English,train
payne,English,train
dexter,English,train
tollis,English,train
seymour,English,train
whitehead,English,train
amesbury,English,train
irvine,English,train
breen,English,train
bedford,English,train
pears,English,train
kirtley,English,train
upsdell,English,train
ford,English,train
broomfield,English,train
inman,English,train
dupont,English,train
varndell,English,train
turton,English,train
rafferty,English,train
tully,English,train
pollock,English,train
butter,English,train
fordham,English,train
harding,English,train
leitch,English,train
ronald,English,train
woods,English,train
tapscott,English,train
stubbs,English,train
pickard,English,train
fossard,English,train
jenks,English,train
nood,English,train
page,English,train
davey,English,train
stannard,English,train
jennison,English,train
yorston,English,train
eltis,English,train
downes,English,train
mccann,English,train
wilson,English,train
hitchcock,English,train
gooch,English,train
woollard,English,train
kilbride,English,train
tohill,English,train
downing,English,train
orbell,English,train
heather,English,train
ibbotson,English,train
jukes,English,train
voyse,English,train
kibblewhite,English,train
ostler,English,train
artliff,English,train
killock,English,train
nielsen,English,train
mooney,English,train
evans,English,train
treseder,English,train
mcgrory,English,train
mangnall,English,train
auton,English,train
ellison,English,train
welch,English,train
longworth,English,train
withers,English,train
brooker,English,train
edmond,English,train
rackham,English,train
tuttle,English,train
ketley,English,train
todd,English,train
turnock,English,train
richmond,English,train
lakin,English,train
mullen,English,train
hopwood,English,train
hudson,English,train
boulton,English,train
bowden,English,train
dalton,English,train
ballantyne,English,train
alpin,English,train
stanfield,English,train
waghorn,English,train
cohen,English,train
were,English,train
ormston,English,train
butt,English,train
finn,English,train
biggs,English,train
montague,English,train
emerson,English,train
fenton,English,train
oliver,English,train
wong,English,train
mustafa,English,train
karne,English,train
allcott,English,train
trigg,English,train
tedd,English,train
alsop,English,train
karim,English,train
sandison,English,train
beaumont,English,train
jordon,English,train
oman,English,train
norbury,English,train
oaks,English,train
lumb,English,train
rowson,English,train
line,English,train
windsor,English,train
clark,English,train
lovey,English,train
bird,English,train
foley,English,train
addis,English,train
fielding,English,train
woodhams,English,train
nevins,English,train
davidson,English,train
rawsthorne,English,train
cooke,English,train
granger,English,train
ferns,English,train
street,English,train
lawal,English,train
hawtin,English,train
wateridge,English,train
shuttleworth,English,train
wales,English,train
kysel,English,train
westgate,English,train
stewart,English,train
fereday,English,train
fleming,English,train
carling,English,train
wakefield,English,train
auborn,English,train
fishlock,English,train
thomason,English,train
robe,English,train
everill,English,train
jeffries,English,train
hodges,English,train
buckley,English,train
ealy,English,train
perrins,English,train
childs,English,train
ness,English,train
pateman,English,train
hood,English,train
ludlow,English,train
helley,English,train
oatway,English,train
fulker,English,train
addams,English,train
byrne,English,train
orton,English,train
vinicombe,English,train
torres,English,train
riddell,English,train
thompson,English,train
fothergill,English,train
vicens,English,train
croft,English,train
collinson,English,train
nash,English,train
dove,English,train
pawson,English,train
cawley,English,train
farnsworth,English,train
adler,English,train
tallett,English,train
edmonds,English,train
gonzalez,English,train
dunnett,English,train
gilbert,English,train
driscoll,English,train
epton,English,train
burt,English,train
turke,English,train
nicoll,English,train
lawrence,English,train
pooke,English,train
vickars,English,train
keys,English,train
foston,English,train
coates,English,train
odonoghue,English,train
bates,English,train
crossley,English,train
kendrick,English,train
elkin,English,train
keene,English,train
torrance,English,train
cockburn,English,train
philip,English,train
thurlow,English,train
irvin,English,train
asom,English,train
fitzgerald,English,train
boland,English,train
yeoman,English,train
lennon,English,train
kinsey,English,train
rowe,English,train
poulter,English,train
adanet,English,train
milner,English,train
emberson,English,train
pocock,English,train
kinsley,English,train
gerrard,English,train
miles,English,train
ridgwell,English,train
crocker,English,train
pugh,English,train
donohoe,English,train
nott,English,train
gerard,English,train
upson,English,train
caplan,English,train
hickey,English,train
hamnett,English,train
parry,English,train
chauhan,English,train
holmes,English,train
sadiq,English,train
kilbee,English,train
somerville,English,train
geyer,English,train
lightfoot,English,train
rodrigues,English,train
mccluskey,English,train
keeling,English,train
lowe,English,train
corlett,English,train
turvey,English,train
rhoades,English,train
franks,English,train
kelland,English,train
notman,English,train
verdon,English,train
fairhurst,English,train
elwood,English,train
dipper,English,train
kernick,English,train
dickson,English,train
fosse,English,train
woodley,English,train
daly,English,train
cassidy,English,train
wrenn,English,train
wakeford,English,train
pick,English,train
symonds,English,train
nugent,English,train
gilfillan,English,train
sinclair,English,train
kerby,English,train
wragg,English,train
killeen,English,train
jevons,English,train
reading,English,train
cripps,English,train
phillips,English,train
kirkby,English,train
hastings,English,train
wrightson,English,train
rowlands,English,train
calvert,English,train
mcbain,English,train
izzard,English,train
welton,English,train
lohan,English,train
rochford,English,train
allwood,English,train
radcliffe,English,train
cahill,English,train
till,English,train
roper,English,train
regan,English,train
gomez,English,train
giblin,English,train
hawkridge,English,train
noakes,English,train
goff,English,train
langton,English,train
coyle,English,train
tanner,English,train
barr,English,train
rooke,English,train
power,English,train
dooley,English,train
davy,English,train
best,English,train
keal,English,train
pereira,English,train
senior,English,train
kinrade,English,train
crew,English,train
neighbour,English,train
ellis,English,train
petrova,English,train
lowis,English,train
mill,English,train
farrell,English,train
youssouf,English,train
troon,English,train
hopkins,English,train
legge,English,train
galvin,English,train
galbraith,English,train
longhurst,English,train
callaghan,English,train
wilkes,English,train
mcarthur,English,train
rickard,English,train
guttridge,English,train
hand,English,train
isaacs,English,train
fitzsimmons,English,train
slattery,English,train
harness,English,train
barnes,English,train
entwistle,English,train
eames,English,train
uttley,English,train
epsom,English,train
deverell,English,train
jebson,English,train
graves,English,train
nedd,English,train
bruce,English,train
southwick,English,train
rhodes,English,train
fairbrother,English,train
rich,English,train
gallo,English,train
rowland,English,train
appleby,English,train
more,English,train
kilroy,English,train
powis,English,train
d,English,train
wiggins,English,train
bryson,English,train
nichol,English,train
kett,English,train
whitworth,English,train
allan,English,train
burford,English,train
kilminster,English,train
dorrington,English,train
purse,English,train
keelan,English,train
saville,English,train
greenway,English,train
adlam,English,train
swan,English,train
yardley,English,train
aldworth,English,train
yeardsley,English,train
cockle,English,train
dundon,English,train
fearn,English,train
court,English,train
begum,English,train
shackleton,English,train
kempster,English,train
hopkinson,English,train
yarwood,English,train
forester,English,train
ayliffe,English,train
hanlon,English,train
alldritt,English,train
duvall,English,train
santos,English,train
wellman,English,train
may,English,train
winship,English,train
simpson,English,train
allison,English,train
dillon,English,train
whitelaw,English,train
croucher,English,train
will,English,train
daniel,English,train
pearson,English,train
ingham,English,train
elston,English,train
elford,English,train
carr,English,train
kensington,English,train
elliot,English,train
nowell,English,train
crosby,English,train
phelan,English,train
crouch,English,train
fell,English,train
boyle,English,train
astle,English,train
roach,English,train
smit,English,train
mcloughlin,English,train
newstead,English,train
ranson,English,train
hatton,English,train
mackie,English,train
beale,English,train
ralston,English,train
jenas,English,train
farge,English,train
easterbrook,English,train
hurley,English,train
atter,English,train
swann,English,train
hutchison,English,train
heath,English,train
linton,English,train
hoult,English,train
ayley,English,train
ring,English,train
jaffray,English,train
ogrady,English,train
oflynn,English,train
mcleod,English,train
sylvester,English,train
alanson,English,train
mcnulty,English,train
millett,English,train
overton,English,train
noach,English,train
newcombe,English,train
clowes,English,train
neaverson,English,train
fern,English,train
winfer,English,train
picot,English,train
richardson,English,train
debenham,English,train
langridge,English,train
turford,English,train
markham,English,train
pender,English,train
dubois,English,train
tuthill,English,train
turland,English,train
elleray,English,train
godfrey,English,train
knightley,English,train
routledge,English,train
brewer,English,train
parrott,English,train
khan,English,train
carson,English,train
borland,English,train
rothwell,English,train
trump,English,train
yarnold,English,train
reyes,English,train
maughan,English,train
vale,English,train
fenwick,English,train
templeton,English,train
towle,English,train
donnelly,English,train
staff,English,train
terry,English,train
danby,English,train
gilder,English,train
tyrrell,English,train
cowan,English,train
truman,English,train
wrigglesworth,English,train
vollans,English,train
sims,English,train
silcock,English,train
dent,English,train
kellems,English,train
given,English,train
owen,English,train
durber,English,train
ellrott,English,train
virgo,English,train
kristensen,English,train
shelton,English,train
cavanagh,English,train
kumar,English,train
everitt,English,train
lang,English,train
cox,English,train
platts,English,train
nokes,English,train
iles,English,train
goodwin,English,train
nixon,English,train
ollerhead,English,train
cowie,English,train
mckee,English,train
maher,English,train
trattles,English,train
mahoney,English,train
kearsley,English,train
hennessy,English,train
arnott,English,train
rivers,English,train
burn,English,train
large,English,train
fahy,English,train
ecclestone,English,train
dobbin,English,train
kacy,English,train
norwood,English,train
travers,English,train
crawford,English,train
healy,English,train
yard,English,train
eccleston,English,train
moorhouse,English,train
floss,English,train
yapp,English,train
delaney,English,train
brooke,English,train
ellam,English,train
rousset,English,train
vickerman,English,train
davison,English,train
negros,English,train
shannon,English,train
alcock,English,train
connor,English,train
kirkpatrick,English,train
laws,English,train
lees,English,train
love,English,train
finan,English,train
walsh,English,train
edwick,English,train
younis,English,train
keight,English,train
warby,English,train
rushbrooke,English,train
pavot,English,train
whitlock,English,train
selby,English,train
wheatcroft,English,train
morrison,English,train
hart,English,train
flanders,English,train
costa,English,train
issac,English,train
dutt,English,train
cowley,English,train
prime,English,train
perrin,English,train
tait,English,train
titmarsh,English,train
sweeting,English,train
poyser,English,train
jennings,English,train
stuckey,English,train
masters,English,train
cheung,English,train
carpenter,English,train
bloom,English,train
arah,English,train
tosh,English,train
stout,English,train
nicolas,English,train
aldersley,English,train
hellier,English,train
houghton,English,train
frampton,English,train
kitchin,English,train
edgerton,English,train
crump,English,train
pinsmail,English,train
egerton,English,train
edgley,English,train
renshaw,English,train
coburn,English,train
danks,English,train
edler,English,train
upfield,English,train
russon,English,train
golding,English,train
tomas,English,train
yeardley,English,train
lowrie,English,train
baxter,English,train
rogers,English,train
vicary,English,train
laycock,English,train
ohalloran,English,train
yomkins,English,train
gould,English,train
garcia,English,train
lyall,English,train
toms,English,train
darcy,English,train
vallins,English,train
ogden,English,train
cottrell,English,train
samuels,English,train
ulyatt,English,train
hinds,English,train
lander,English,train
gutteridge,English,train
dalzell,English,train
lynes,English,train
mckie,English,train
riley,English,train
hassan,English,train
quinton,English,train
fontaine,English,train
innes,English,train
toomey,English,train
peyton,English,train
dick,English,train
finnegan,English,train
alexander,English,train
burch,English,train
hinde,English,train
gunn,English,train
bryan,English,train
nason,English,train
unsworth,English,train
knigge,English,train
seddon,English,train
alker,English,train
watkinson,English,train
emsden,English,train
templeman,English,train
hayward,English,train
said,English,train
rycroft,English,train
hegney,English,train
hawes,English,train
marr,English,train
manson,English,train
petticrew,English,train
cutts,English,train
kennedy,English,train
knights,English,train
hurrell,English,train
easen,English,train
hewlett,English,train
houlton,English,train
tomlin,English,train
brook,English,train
ansell,English,train
hough,English,train
frost,English,train
westlake,English,train
anton,English,train
alldridge,English,train
yeung,English,train
vernon,English,train
david,English,train
isaac,English,train
neilsen,English,train
reader,English,train
campbell,English,train
keward,English,train
gosden,English,train
anscombe,English,train
lenihan,English,train
nicolson,English,train
alvey,English,train
dawes,English,train
swain,English,train
warrington,English,train
lavery,English,train
lucas,English,train
oleary,English,train
farrer,English,train
veale,English,train
skinner,English,train
umney,English,train
walshe,English,train
southern,English,train
aird,English,train
tucker,English,train
hill,English,train
naylor,English,train
gaudin,English,train
ferreira,English,train
kromberg,English,train
privett,English,train
silva,English,train
ranks,English,train
tips,English,train
devonport,English,train
forman,English,train
mcavoy,English,train
michel,English,train
kidd,English,train
dobson,English,train
burgess,English,train
aitken,English,train
sweeney,English,train
bracey,English,train
taggart,English,train
barrett,English,train
wyatt,English,train
huggins,English,train
bill,English,train
helm,English,train
stroud,English,train
purkis,English,train
gordon,English,train
ramsden,English,train
mccormack,English,train
dacey,English,train
strachan,English,train
metcalf,English,train
ottey,English,train
knight,English,train
mcewan,English,train
isherwod,English,train
halliday,English,train
willis,English,train
derrien,English,train
abrams,English,train
brain,English,train
lowry,English,train
turrell,English,train
perez,English,train
plant,English,train
handley,English,train
inglethorpe,English,train
simmons,English,train
altham,English,train
glencross,English,train
chase,English,train
pemberton,English,train
upjohn,English,train
neave,English,train
nightingale,English,train
algar,English,train
randle,English,train
lines,English,train
tissier,English,train
osmond,English,train
ernest,English,train
tennant,English,train
verney,English,train
rampling,English,train
heywood,English,train
islam,English,train
reygan,English,train
drummond,English,train
stringer,English,train
bell,English,train
provan,English,train
burden,English,train
yoman,English,train
powles,English,train
dunford,English,train
regent,English,train
crabb,English,train
copeland,English,train
findley,English,train
monaghan,English,train
freight,English,train
ridge,English,train
trevor,English,train
garbutt,English,train
vane,English,train
winfield,English,train
allaway,English,train
eccott,English,train
bassett,English,train
laverick,English,train
townsley,English,train
cameron,English,train
jansen,English,train
laurie,English,train
egleton,English,train
mcgrady,English,train
exton,English,train
goodyear,English,train
ealham,English,train
snowdon,English,train
oulton,English,train
rudd,English,train
elvins,English,train
durant,English,train
collingwood,English,train
blair,English,train
banks,English,train
kearton,English,train
bartlett,English,train
loftus,English,train
varley,English,train
garrett,English,train
thornhill,English,train
luxton,English,train
kingman,English,train
eyres,English,train
twiggs,English,train
mulligan,English,train
mcdonagh,English,train
tufnall,English,train
fox,English,train
weir,English,train
small,English,train
morris,English,train
vanwell,English,train
keaveney,English,train
imran,English,train
brooks,English,train
ketteringham,English,train
hartley,English,train
russell,English,train
connolly,English,train
atherton,English,train
allgood,English,train
woodhouse,English,train
cresswell,English,train
greig,English,train
driffield,English,train
joyce,English,train
jermy,English,train
maloney,English,train
laing,English,train
mcauley,English,train
spencer,English,train
edmondson,English,train
galloway,English,train
wilks,English,train
olds,English,train
grey,English,train
mitchell,English,train
joseph,English,train
barron,English,train
bellamy,English,train
crowther,English,train
frith,English,train
singh,English,train
herbert,English,train
turney,English,train
jenkins,English,train
cornock,English,train
ransom,English,train
swales,English,train
button,English,train
polson,English,train
falconer,English,train
leggett,English,train
schmid,English,train
jensen,English,train
mcgowan,English,train
lawrie,English,train
darr,English,train
lake,English,train
garvey,English,train
mccormick,English,train
varey,English,train
trafford,English,train
pipe,English,train
kelk,English,train
ireland,English,train
greener,English,train
boyce,English,train
packard,English,train
riches,English,train
kiddle,English,train
fairbrace,English,train
jackman,English,train
kemp,English,train
knutt,English,train
lewry,English,train
royall,English,train
florey,English,train
woodford,English,train
grady,English,train
ashe,English,train
haynes,English,train
goodchild,English,train
openshaw,English,train
holland,English,train
kilbey,English,train
gleave,English,train
stedman,English,train
fearns,English,train
noyes,English,train
macleod,English,train
coomber,English,train
wintersgill,English,train
moody,English,train
sugden,English,train
luce,English,train
daniels,English,train
binnington,English,train
villis,English,train
rees,English,train
ryder,English,train
gately,English,train
barker,English,train
jakeman,English,train
unwin,English,train
fischer,English,train
yarnall,English,train
oldroyd,English,train
oxby,English,train
iddon,English,train
pitt,English,train
etchells,English,train
evenden,English,train
kreyling,English,train
bacon,English,train
walling,English,train
lakey,English,train
frame,English,train
budd,English,train
stock,English,train
ekin,English,train
sewell,English,train
grimes,English,train
widdowson,English,train
kettell,English,train
sayers,English,train
stainton,English,train
waring,English,train
impey,English,train
livermore,English,train
mears,English,train
good,English,train
lumley,English,train
tipping,English,train
price,English,train
cronin,English,train
ivory,English,train
edney,English,train
nicholls,English,train
oldham,English,train
steer,English,train
blake,English,train
norgrove,English,train
yabsley,English,train
elliston,English,train
cross,English,train
ellershaw,English,train
marsden,English,train
overfield,English,train
godden,English,train
dandy,English,train
goring,English,train
gallagher,English,train
mcshane,English,train
fernyhough,English,train
moss,English,train
coll,English,train
jarram,English,train
olson,English,train
gregory,English,train
iggleden,English,train
seer,English,train
emmott,English,train
nesbitt,English,train
saxton,English,train
trickett,English,train
hutchings,English,train
karras,English,train
simon,English,train
gillard,English,train
otter,English,train
lyme,English,train
norman,English,train
girling,English,train
appleton,English,train
maguire,English,train
edwards,English,train
nanson,English,train
keegan,English,train
hardy,English,train
nelson,English,train
kimber,English,train
coulson,English,train
jardine,English,train
slocombe,English,train
titterington,English,train
yates,English,train
train,English,train
dodds,English,train
toland,English,train
millar,English,train
nayler,English,train
kaur,English,train
ellerby,English,train
wilkins,English,train
dermody,English,train
furlong,English,train
pringle,English,train
cannon,English,train
tempest,English,train
freedman,English,train
earley,English,train
young,English,train
mclaughlin,English,train
grose,English,train
hubbard,English,train
laraway,English,train
pendlebury,English,train
easdown,English,train
godwin,English,train
yeadon,English,train
baker,English,train
dowell,English,train
tyrer,English,train
sullivan,English,train
mcgrath,English,train
lopez,English,train
downer,English,train
rowan,English,train
chan,English,train
ath,English,train
jarratt,English,train
toucet,English,train
beech,English,train
torrens,English,train
underwood,English,train
stocker,English,train
luckhurst,English,train
wooldridge,English,train
crisp,English,train
veitch,English,train
wray,English,train
dunmore,English,train
trinder,English,train
royle,English,train
mccall,English,train
rogerson,English,train
rootham,English,train
needham,English,train
sissons,English,train
girdwood,English,train
tierney,English,train
neill,English,train
reid,English,train
paton,English,train
smythe,English,train
shields,English,train
bithell,English,train
tyler,English,train
fallon,English,train
donnachie,English,train
cheshire,English,train
trott,English,train
jameson,English,train
lopes,English,train
harrington,English,train
dempster,English,train
dunn,English,train
cotter,English,train
ling,English,train
embleton,English,train
cunningham,English,train
friend,English,train
innalls,English,train
dougal,English,train
doughty,English,train
holloway,English,train
sherriff,English,train
tate,English,train
webb,English,train
gell,English,train
day,English,train
ashley,English,train
johanson,English,train
parnaby,English,train
geldart,English,train
thackeray,English,train
fraser,English,train
faust,English,train
gower,English,train
cain,English,train
short,English,train
curtis,English,train
hodgkins,English,train
ohara,English,train
thake,English,train
curwood,English,train
fall,English,train
gadsden,English,train
collier,English,train
redwood,English,train
watt,English,train
keir,English,train
worsnop,English,train
woodward,English,train
allman,English,train
sheldon,English,train
reeve,English,train
matthews,English,train
tolmay,English,train
chambers,English,train
lynch,English,train
donkin,English,train
gillespie,English,train
thoms,English,train
kinnersley,English,train
cosgrove,English,train
oates,English,train
renwick,English,train
ralph,English,train
allcock,English,train
evason,English,train
vass,English,train
whittingham,English,train
paskell,English,train
lobb,English,train
raeburn,English,train
barlow,English,train
spiller,English,train
roff,English,train
thurston,English,train
burdett,English,train
keating,English,train
gascoyne,English,train
kamara,English,train
haines,English,train
wakelin,English,train
wise,English,train
lyes,English,train
holdsworth,English,train
furnish,English,train
fortin,English,train
greenslade,English,train
sawyer,English,train
leroy,English,train
east,English,train
yarker,English,train
frey,English,train
cann,English,train
grant,English,train
bickley,English,train
wiles,English,train
wears,English,train
kilford,English,train
holl,English,train
verell,English,train
stuart,English,train
hagan,English,train
anley,English,train
mckay,English,train
emmerson,English,train
eyles,English,train
osborn,English,train
stamp,English,train
paterson,English,train
carrington,English,train
inson,English,train
swift,English,train
dobbins,English,train
ogilvy,English,train
petersen,English,train
snow,English,train
moroney,English,train
noyce,English,train
warren,English,train
wolfe,English,train
ward,English,train
litchfield,English,train
stark,English,train
pigott,English,train
marks,English,train
mcfadden,English,train
lovatt,English,train
mather,English,train
vinny,English,train
gamble,English,train
butcher,English,train
kiernan,English,train
etherton,English,train
eyett,English,train
grinham,English,train
sharp,English,train
ross,English,train
pomeroy,English,train
eburne,English,train
pelling,English,train
warburton,English,train
york,English,train
evrard,English,train
jerry,English,train
dymott,English,train
rhys,English,train
owings,English,train
mould,English,train
wall,English,train
naughton,English,train
ridgway,English,train
smart,English,train
kellie,English,train
waller,English,train
donovan,English,train
earing,English,train
field,English,train
malone,English,train
carroll,English,train
hocking,English,train
foxall,English,train
gaumont,English,train
nanton,English,train
khalid,English,train
drabble,English,train
pike,English,train
quigley,English,train
rickards,English,train
ahern,English,train
cochrane,English,train
wicks,English,train
hallett,English,train
pickering,English,train
thorndyke,English,train
townend,English,train
dann,English,train
dorrian,English,val
worthington,English,val
currie,English,val
pailing,English,val
kelso,English,val
maynard,English,val
lawlor,English,val
atterton,English,val
stacey,English,val
fletcher,English,val
topham,English,val
roffey,English,val
rosso,English,val
teague,English,val
humphreys,English,val
bramley,English,val
younge,English,val
boon,English,val
eaves,English,val
kitchen,English,val
steadman,English,val
widdows,English,val
rothery,English,val
hewitt,English,val
astley,English,val
warriner,English,val
hoyle,English,val
auberton,English,val
alford,English,val
pallett,English,val
goodall,English,val
kavanagh,English,val
nichols,English,val
khalil,English,val
creasey,English,val
findlay,English,val
vallory,English,val
nutman,English,val
leigh,English,val
kurray,English,val
peel,English,val
pitcher,English,val
bayliss,English,val
mcelroy,English,val
kinghorn,English,val
ashcroft,English,val
waterman,English,val
eales,English,val
wilmot,English,val
charlton,English,val
mackay,English,val
dumont,English,val
mcdonnell,English,val
ventura,English,val
sharkey,English,val
plumb,English,val
glennie,English,val
travis,English,val
eastell,English,val
gammer,English,val
napper,English,val
spence,English,val
clifton,English,val
fisher,English,val
broughton,English,val
astbury,English,val
lilley,English,val
tudor,English,val
frary,English,val
kassell,English,val
emery,English,val
luke,English,val
whittle,English,val
carruthers,English,val
oxley,English,val
geeson,English,val
ingle,English,val
bush,English,val
errington,English,val
adams,English,val
mcnamara,English,val
garner,English,val
sumner,English,val
dennis,English,val
busby,English,val
turnbull,English,val
stokoe,English,val
coulter,English,val
nurse,English,val
nova,English,val
mistry,English,val
griff,English,val
fearon,English,val
spears,English,val
gladwell,English,val
luttrell,English,val
earl,English,val
bainbridge,English,val
rush,English,val
stott,English,val
jervis,English,val
gillen,English,val
greaves,English,val
goodridge,English,val
vyner,English,val
nandi,English,val
fuller,English,val
franco,English,val
macaulay,English,val
brelsford,English,val
bolton,English,val
macpherson,English,val
howarth,English,val
mcrae,English,val
duckworth,English,val
gall,English,val
henderson,English,val
farrington,English,val
hancock,English,val
bridges,English,val
arnall,English,val
deegan,English,val
jagger,English,val
ferguson,English,val
core,English,val
meakin,English,val
darby,English,val
partington,English,val
townsend,English,val
sunderland,English,val
tansley,English,val
hemingway,English,val
gunning,English,val
nettleton,English,val
tuffnell,English,val
kennett,English,val
owens,English,val
villiger,English,val
elvin,English,val
hilton,English,val
neary,English,val
derrick,English,val
prosser,English,val
newlands,English,val
talbot,English,val
jowett,English,val
norcross,English,val
maxwell,English,val
heatley,English,val
ashton,English,val
adderley,English,val
feeney,English,val
corner,English,val
thirlway,English,val
sanderson,English,val
wills,English,val
peacock,English,val
finnigan,English,val
linford,English,val
gray,English,val
ayling,English,val
wane,English,val
garbett,English,val
dervish,English,val
adkins,English,val
isbitt,English,val
thelwell,English,val
kouma,English,val
clancy,English,val
ainsworth,English,val
jennson,English,val
whitley,English,val
overett,English,val
finney,English,val
wigley,English,val
rehman,English,val
antic,English,val
northcott,English,val
nilsen,English,val
bevan,English,val
lamb,English,val
robert,English,val
knox,English,val
utley,English,val
thurgood,English,val
patten,English,val
gunby,English,val
leake,English,val
thurman,English,val
marshall,English,val
andrew,English,val
sneddon,English,val
bennett,English,val
aston,English,val
ferrier,English,val
corbett,English,val
mcclymont,English,val
squires,English,val
pilkington,English,val
kampfner,English,val
casey,English,val
overing,English,val
strong,English,val
westwell,English,val
prior,English,val
gaffney,English,val
gosling,English,val
luker,English,val
tyman,English,val
mcphee,English,val
trent,English,val
london,English,val
carey,English,val
goldberg,English,val
pickford,English,val
poulton,English,val
kyle,English,val
blackwell,English,val
pedley,English,val
thistlethwaite,English,val
geldard,English,val
ennis,English,val
vallance,English,val
essan,English,val
wallis,English,val
godby,English,val
laird,English,val
yeatman,English,val
redfern,English,val
mctaggart,English,val
fitton,English,val
edgson,English,val
parsons,English,val
ingles,English,val
newby,English,val
flavell,English,val
ocallaghan,English,val
timson,English,val
dyer,English,val
major,English,val
nisbet,English,val
utton,English,val
oneil,English,val
kenyon,English,val
grenard,English,val
knowles,English,val
stevenson,English,val
rodger,English,val
bear,English,val
corr,English,val
newbury,English,val
hutchins,English,val
jessop,English,val
tutton,English,val
parish,English,val
felton,English,val
roberts,English,val
oakton,English,val
hole,English,val
grange,English,val
grivet,English,val
shipley,English,val
dornan,English,val
judge,English,val
phelps,English,val
leeming,English,val
batten,English,val
elworthy,English,val
bloggs,English,val
eastaugh,English,val
jourdan,English,val
flanagan,English,val
donaldson,English,val
devlin,English,val
sparkes,English,val
dover,English,val
antony,English,val
ramsay,English,val
braithwaite,English,val
hodgkinson,English,val
airey,English,val
lockhart,English,val
coles,English,val
farrant,English,val
fairchild,English,val
butler,English,val
keable,English,val
wells,English,val
ritchie,English,val
spicer,English,val
storey,English,val
wright,English,val
roles,English,val
aikman,English,val
elwell,English,val
jacobs,English,val
reed,English,val
latham,English,val
arnold,English,val
eatherington,English,val
noggins,English,val
houston,English,val
goble,English,val
eggleston,English,val
hamill,English,val
neeson,English,val
furey,English,val
dunlop,English,val
leyshon,English,val
kentwood,English,val
brett,English,val
stretton,English,val
woolnough,English,val
kilshaw,English,val
fitzpatrick,English,val
homer,English,val
britton,English,val
osman,English,val
armer,English,val
temple,English,val
brookfield,English,val
howes,English,val
nair,English,val
prevost,English,val
connelly,English,val
hume,English,val
fulton,English,val
pascoe,English,val
dymond,English,val
rushton,English,val
gilmour,English,val
russel,English,val
hendry,English,val
logan,English,val
liddle,English,val
jenkinson,English,val
king,English,val
peaper,English,val
gaskell,English,val
chester,English,val
jackson,English,val
aldridge,English,val
grosvenor,English,val
mcdermott,English,val
yorke,English,val
wallace,English,val
yeates,English,val
norville,English,val
evison,English,val
mcguire,English,val
browne,English,val
lowdon,English,val
cope,English,val
benfield,English,val
compton,English,val
lovett,English,val
hammond,English,val
armitage,English,val
fitch,English,val
garrard,English,val
rippin,English,val
orme,English,val
dougherty,English,val
middleton,English,val
jacques,English,val
norris,English,val
nicholas,English,val
werner,English,val
hooton,English,val
hussain,English,val
arrowsmith,English,val
baldwin,English,val
amod,English,val
farrar,English,val
walkden,English,val
fyall,English,val
firth,English,val
strickland,English,val
gillies,English,val
pierce,English,val
weasley,English,val
escott,English,val
kitson,English,val
fisk,English,val
cook,English,val
kirk,English,val
eccles,English,val
farnworth,English,val
baird,English,val
whitaker,English,val
woodland,English,val
reisser,English,val
fagan,English,val
pagan,English,val
thornley,English,val
willetts,English,val
martinez,English,val
parkins,English,val
beadle,English,val
nevis,English,val
barry,English,val
duff,English,val
browning,English,val
fellows,English,val
rigby,English,val
phipps,English,val
tomlinson,English,val
kayes,English,val
perkin,English,val
biddle,English,val
doran,English,val
bland,English,val
cornish,English,val
mansell,English,val
veevers,English,val
watters,English,val
keay,English,val
darbyshire,English,val
sturrock,English,val
nield,English,val
cormack,English,val
dawson,English,val
ewles,English,val
barclay,English,val
gilbey,English,val
wain,English,val
vann,English,val
doon,English,val
roscoe,English,val
morgan,English,val
earle,English,val
opayne,English,val
dalby,English,val
kingsley,English,val
painter,English,val
mclean,English,val
beatty,English,val
amor,English,val
hook,English,val
eslick,English,val
shanks,English,val
freeman,English,val
povey,English,val
poole,English,val
wilde,English,val
oakes,English,test
whiteford,English,test
easton,English,test
crossland,English,test
isherwood,English,test
anstee,English,test
shah,English,test
alder,English,test
goldsworthy,English,test
avery,English,test
heathcote,English,test
mcdonald,English,test
kirwan,English,test
dell,English,test
olley,English,test
watts,English,test
walmsley,English,test
murrell,English,test
nelms,English,test
lindsay,English,test
dora,English,test
ludgrove,English,test
moran,English,test
rutherford,English,test
keeler,English,test
ashford,English,test
oconnell,English,test
levann,English,test
robotham,English,test
gardner,English,test
toomer,English,test
dodson,English,test
yasmin,English,test
wren,English,test
geary,English,test
koban,English,test
hind,English,test
wade,English,test
tailor,English,test
worth,English,test
mcphail,English,test
greenwood,English,test
pinnock,English,test
mason,English,test
hogg,English,test
waterfield,English,test
archer,English,test
lambert,English,test
fenn,English,test
randall,English,test
dolan,English,test
hunt,English,test
perowne,English,test
leith,English,test
duncan,English,test
lock,English,test
dolton,English,test
stokes,English,test
ashby,English,test
steere,English,test
winder,English,test
fawn,English,test
lord,English,test
keeble,English,test
slade,English,test
kram,English,test
wakeham,English,test
fairlie,English,test
woodcock,English,test
mccaffrey,English,test
angus,English,test
knighton,English,test
damon,English,test
makin,English,test
bryant,English,test
ottley,English,test
fairweather,English,test
greenhill,English,test
leek,English,test
tilston,English,test
clarke,English,test
kinch,English,test
forth,English,test
pitts,English,test
tickner,English,test
winward,English,test
alesbury,English,test
frederick,English,test
kenworthy,English,test
glossop,English,test
peterson,English,test
hinton,English,test
eldeston,English,test
dolman,English,test
styles,English,test
hall,English,test
purnell,English,test
rust,English,test
stoppard,English,test
redmond,English,test
etherington,English,test
rashid,English,test
metcalfe,English,test
burge,English,test
devine,English,test
peers,English,test
chilvers,English,test
little,English,test
parks,English,test
taurel,English,test
hopes,English,test
lathey,English,test
levy,English,test
carter,English,test
westwood,English,test
linsby,English,test
allam,English,test
bradley,English,test
ryans,English,test
odonnell,English,test
flett,English,test
greening,English,test
pendleton,English,test
jefferson,English,test
kettlewell,English,test
smith,English,test
titmuss,English,test
leary,English,test
quirke,English,test
lacy,English,test
gilchrist,English,test
isgate,English,test
curran,English,test
abbott,English,test
lawton,English,test
fleetwood,English,test
smithson,English,test
dodd,English,test
drury,English,test
sheppard,English,test
donald,English,test
woodham,English,test
gleeson,English,test
robins,English,test
wileman,English,test
tunstall,English,test
abbas,English,test
eggby,English,test
atkins,English,test
martins,English,test
berry,English,test
howell,English,test
dickinson,English,test
ellans,English,test
percival,English,test
robertson,English,test
ackroyd,English,test
topliss,English,test
keane,English,test
daugherty,English,test
halford,English,test
tillett,English,test
dunning,English,test
wareing,English,test
desai,English,test
kerridge,English,test
peace,English,test
okey,English,test
paisley,English,test
attrill,English,test
ferdinand,English,test
kendall,English,test
eagle,English,test
velds,English,test
newberry,English,test
cheetham,English,test
speed,English,test
prince,English,test
aves,English,test
johnston,English,test
keyte,English,test
denham,English,test
potts,English,test
kealey,English,test
wolstencroft,English,test
goulding,English,test
allum,English,test
winman,English,test
tugwell,English,test
rawlings,English,test
rand,English,test
hoare,English,test
zaoui,English,test
aldred,English,test
thornes,English,test
norburn,English,test
hodder,English,test
waterson,English,test
ratcliffe,English,test
griffin,English,test
raven,English,test
roche,English,test
lodge,English,test
joynson,English,test
stockley,English,test
devon,English,test
fagon,English,test
garside,English,test
espley,English,test
arnett,English,test
essop,English,test
amos,English,test
thomson,English,test
herron,English,test
lloyd,English,test
lonsdale,English,test
noon,English,test
pickett,English,test
flannery,English,test
leaver,English,test
keeley,English,test
kirkbride,English,test
patton,English,test
denney,English,test
burns,English,test
elstone,English,test
darlington,English,test
kell,English,test
storr,English,test
lowes,English,test
goldman,English,test
skelly,English,test
pett,English,test
stevens,English,test
sanders,English,test
arkins,English,test
gowing,English,test
teal,English,test
gooding,English,test
tovey,English,test
wood,English,test
teasdale,English,test
oneill,English,test
harker,English,test
conneely,English,test
harrison,English,test
bains,English,test
docherty,English,test
leach,English,test
eden,English,test
heron,English,test
bond,English,test
emberey,English,test
hargreaves,English,test
penn,English,test
fields,English,test
jesson,English,test
skelton,English,test
aspin,English,test
mccourt,English,test
ali,English,test
tonks,English,test
main,English,test
anker,English,test
parkinson,English,test
leadley,English,test
nord,English,test
isbill,English,test
kershaw,English,test
lowbridge,English,test
loudon,English,test
lawson,English,test
rook,English,test
edon,English,test
mcghee,English,test
humphrey,English,test
kilmurry,English,test
eansworth,English,test
mcintyre,English,test
myers,English,test
sampson,English,test
jupp,English,test
snelling,English,test
truscott,English,test
winn,English,test
kruger,English,test
pinkney,English,test
plummer,English,test
andrews,English,test
harry,English,test
edgar,English,test
easdale,English,test
harrop,English,test
durand,English,test
pyle,English,test
procter,English,test
faye,English,test
eglin,English,test
almond,English,test
prescott,English,test
yeomans,English,test
alexnader,English,test
forrest,English,test
voakes,English,test
dardenne,English,test
sinha,English,test
glennon,English,test
sturgess,English,test
reilly,English,test
leck,English,test
spinks,English,test
trimble,English,test
oddy,English,test
lewis,English,test
whitmore,English,test
leyland,English,test
johansen,English,test
edge,English,test
chaplin,English,test
chong,English,test
lethbridge,English,test
underhill,English,test
harley,English,test
child,English,test
durrant,English,test
haigh,English,test
gammon,English,test
showell,English,test
barton,English,test
thackray,English,test
lester,English,test
enright,English,test
knab,English,test
teale,English,test
church,English,test
tunks,English,test
elkington,English,test
simmonds,English,test
kenny,English,test
lockwood,English,test
twigg,English,test
cumming,English,test
hibbert,English,test
leahy,English,test
dyde,English,test
goode,English,test
rann,English,test
obrien,English,test
jefferies,English,test
kendell,English,test
lange,English,test
abdi,English,test
tidmarsh,English,test
michael,English,test
turnham,English,test
haggett,English,test
mcginty,English,test
barber,English,test
philpott,English,test
lancaster,English,test
frostick,English,test
odling,English,test
ellingham,English,test
macrae,English,test
dudley,English,test
penfold,English,test
plouvin,English,test
grierson,English,test
emmins,English,test
abraham,English,test
tarr,English,test
finbow,English,test
mccullough,English,test
donoghue,English,test
pierre,English,test
goulden,English,test
allen,English,test
blackman,English,test
garland,English,test
wagstaff,English,test
trotman,English,test
cracknell,English,test
stanton,English,test
molloy,English,test
buckingham,English,test
ball,English,test
rutter,English,test
gauntlett,English,test
fretwell,English,test
haddock,English,test
furniss,English,test
ferris,English,test
elsdon,English,test
eveson,English,test
rouse,English,test
ashwell,English,test
kapoor,English,test
mcmillan,English,test
kearney,English,test
maclean,English,test
eastaway,English,test
alladee,English,test
philips,English,test
bright,English,test
kilb,English,test
palmer,English,test
mallinson,English,test
laver,English,test
abel,English,test
flynn,English,test
drew,English,test
mcnaught,English,test
hobson,English,test
loat,English,test
fairbairn,English,test
napier,English,test
kiely,English,test
wilcox,English,test
montgomery,English,test
ilsley,English,test
kirkman,English,test
vockins,English,test
peach,English,test
dewar,English,test
storer,English,test
eglan,English,test
ridle,English,test
louth,English,test
rumbold,English,test
warn,English,test
lamond,English,test
turkington,English,test
whitehouse,English,test
harper,English,test
tamber,English,test
cousins,English,test
platt,English,test
nineham,English,test
kidner,English,test
ironmonger,English,test
kingscott,English,test
brandrick,English,test
connell,English,test
tuckey,English,test
vaughan,English,test
thomas,English,test
sharples,English,test
michel,French,train
patenaude,French,train
bissette,French,train
fortier,French,train
leandres,French,train
eustis,French,train
chevrolet,French,train
tremblay,French,train
tasse,French,train
sauveterre,French,train
solomon,French,train
vipond,French,train
palomer,French,train
pierre,French,train
tolbert,French,train
traverse,French,train
paquet,French,train
travers,French,train
thomas,French,train
salvage,French,train
sarkozi,French,train
forestier,French,train
l v que,French,train
fontaine,French,train
cot ,French,train
pierre,French,train
dufour,French,train
de,French,train
bonnaire,French,train
bonheur,French,train
faucheux,French,train
poulin,French,train
sauveterre,French,train
leblanc,French,train
simon,French,train
fabron,French,train
allard,French,train
porcher,French,train
lavoie,French,train
mullins,French,train
dubois,French,train
courtemanche,French,train
deniaud,French,train
brodeur,French,train
glaisyer,French,train
romilly,French,train
royer,French,train
thibault,French,train
duguay,French,train
firmin,French,train
marie,French,train
lefebvre,French,train
duchamps,French,train
merle,French,train
rey,French,train
mercier,French,train
dupond,French,train
tremble,French,train
leclerc,French,train
sargent,French,train
sauvageau,French,train
paget,French,train
noel,French,train
monette,French,train
marion,French,train
travere,French,train
sartre,French,train
charpentier,French,train
beaumont,French,train
cornett,French,train
tobias,French,train
lefurgey,French,train
rose,French,train
villeneuve,French,train
fontaine,French,train
garcon,French,train
chaput,French,train
bonnay,French,train
segal,French,train
deniau,French,train
martin,French,train
poirier,French,train
belrose,French,train
l mieux,French,train
baudin,French,train
labelle,French,train
robert,French,train
pettigrew,French,train
sauvageot,French,train
hardy,French,train
beauchene,French,train
leon,French,train
richelieu,French,train
cousineau,French,train
pape,French,train
d aramitz,French,train
favre,French,train
girard,French,train
armistead,French,train
augustin,French,train
bonfils,French,train
giles,French,train
gosselin,French,train
lambert,French,train
b ringer,French,train
mathieu,French,train
michaud,French,train
foss,French,train
victors,French,train
babineaux,French,train
pascal,French,train
savatier,French,train
abraham,French,train
delacroix,French,train
fay,French,train
sarkozy,French,train
adam,French,train
leroy,French,train
albert,French,train
daviau,French,train
moulin,French,train
dupont,French,train
charron,French,train
moreau,French,train
blaise,French,train
colbert,French,train
 mile,French,train
bellerose,French,train
joubert,French,train
lesauvage,French,train
samson,French,train
perreault,French,train
oliver,French,train
caron,French,train
desrochers,French,train
bonnet,French,train
degarmo,French,train
rousseau,French,train
poingdestre,French,train
langlais,French,train
abel,French,train
paul,French,train
soucy,French,train
desjardins,French,train
sauvageon,French,train
legrand,French,train
cavey,French,train
martin,French,train
archambault,French,train
linville,French,train
plamondon,French,train
granger,French,train
fabian,French,train
lachance,French,train
paquet,French,train
comtois,French,train
jordan,French,train
desrosiers,French,train
richard,French,train
bonner,French,train
monet,French,val
gagnier,French,val
paternoster,French,val
bureau,French,val
favager,French,val
thayer,French,val
larue,French,val
bisset,French,val
roy,French,val
blanc,French,val
gage,French,val
couture,French,val
h bert,French,val
durand,French,val
lebeau,French,val
travert,French,val
bonhomme,French,val
st,French,val
daniau,French,val
herbert,French,val
lef vre,French,val
lemaire,French,val
lyon,French,val
sergeant,French,val
deforest,French,val
lyon,French,val
janvier,French,val
gagne,French,val
roche,French,val
st,French,val
fournier,French,val
gardinier,French,val
denis,French,val
forest,French,val
martel,French,test
montagne,French,test
bertrand,French,test
duval,French,test
sauvage,French,test
roux,French,test
masson,French,test
dufort,French,test
g roux,French,test
renaud,French,test
victor,French,test
langlois,French,test
voclain,French,test
martel,French,test
de,French,test
cloutier,French,test
bouchard,French,test
boucher,French,test
parent,French,test
herriot,French,test
pelletier,French,test
vincent,French,test
lamar,French,test
parris,French,test
bernard,French,test
gagnon,French,test
l vesque,French,test
lachapelle,French,test
reyer,French,test
ma on,French,test
coupe,French,test
deschamps,French,test
proulx,French,test
perrot,French,test
brisbois,French,test
raskop,German,train
schuchard,German,train
raskob,German,train
stoppelbein,German,train
dressler,German,train
simmon,German,train
fuhrmann,German,train
becke,German,train
plank,German,train
beltz,German,train
zilberschlag,German,train
garver,German,train
bayer,German,train
holtzer,German,train
ott,German,train
albrecht,German,train
meindl,German,train
wexler,German,train
voss,German,train
mas,German,train
nussbaum,German,train
horn,German,train
schindler,German,train
grosser,German,train
walther,German,train
freudenberger,German,train
geisler,German,train
achilles,German,train
kundert,German,train
winter,German,train
schuchert,German,train
artz,German,train
hoffman,German,train
schuhmacher,German,train
schwarzenegger,German,train
tonder,German,train
fried,German,train
aleshire,German,train
blau,German,train
simen,German,train
paul,German,train
lauritz,German,train
junge,German,train
m ller,German,train
unkle,German,train
brodbeck,German,train
freud,German,train
schnur,German,train
fiedler,German,train
wernher,German,train
mann,German,train
autenburg,German,train
braune,German,train
stieber,German,train
brun,German,train
schmidt,German,train
walkenhorst,German,train
beyer,German,train
k hler,German,train
bretz,German,train
dahl,German,train
kaube,German,train
lichtenberg,German,train
abeln,German,train
adenauer,German,train
gorman,German,train
hahn,German,train
b ttcher,German,train
sachs,German,train
hoffmann,German,train
k nigsmann,German,train
goebel,German,train
groos,German,train
luther,German,train
schubert,German,train
von,German,train
mandel,German,train
pawlitzki,German,train
kauffmann,German,train
breitbarth,German,train
feigenbaum,German,train
geiszler,German,train
strobel,German,train
peters,German,train
schr der,German,train
kock,German,train
maurer,German,train
bachmeier,German,train
stoppelbein,German,train
salzwedel,German,train
w rner,German,train
metz,German,train
kiefer,German,train
sommer,German,train
habich,German,train
bauer,German,train
grosse,German,train
tschida,German,train
gabler,German,train
haase,German,train
martz,German,train
krauss,German,train
wirt,German,train
bischoffs,German,train
augustin,German,train
horowitz,German,train
falkenrath,German,train
riese,German,train
wolff,German,train
fertig,German,train
baumgartner,German,train
gass,German,train
marquardt,German,train
portner,German,train
fischer,German,train
braun,German,train
schmitt,German,train
brandt,German,train
gwerder,German,train
schneider,German,train
von,German,train
kr ger,German,train
reuter,German,train
kleid,German,train
achterberg,German,train
krantz,German,train
landau,German,train
essert,German,train
simon,German,train
k hl,German,train
siegel,German,train
rettig,German,train
spellmeyer,German,train
meier,German,train
hasek,German,train
martell,German,train
tifft,German,train
foerstner,German,train
rot,German,train
lafrentz,German,train
dresdner,German,train
dreher,German,train
b cker,German,train
eckstein,German,train
bohn,German,train
sitz,German,train
schermer,German,train
adam,German,train
kr ger,German,train
jordan,German,train
f rst,German,train
schulze,German,train
oliver,German,train
hutmacher,German,train
muhlfeld,German,train
hirsch,German,train
gerig,German,train
kopp,German,train
silverstein,German,train
eberhardt,German,train
werner,German,train
freund,German,train
stark,German,train
laberenz,German,train
messer,German,train
gottschalk,German,train
k ufer,German,train
bumgarner,German,train
herschel,German,train
mein,German,train
kunkle,German,train
kohl,German,train
b sch,German,train
knopf,German,train
michel,German,train
wirth,German,train
slusser,German,train
abel,German,train
borchard,German,train
schulz,German,train
engel,German,train
sommer,German,train
siekert,German,train
andres,German,train
schr der,German,train
reuter,German,train
rademaker,German,train
holzknecht,German,train
fuchs,German,train
lawerenz,German,train
leitner,German,train
stueck,German,train
kerwar,German,train
berger,German,train
nuremberg,German,train
denzel,German,train
b hler,German,train
kneller,German,train
ingersleben,German,train
schwinghammer,German,train
neuman,German,train
k nig,German,train
loritz,German,train
kraemer,German,train
kahler,German,train
beyersdorf,German,train
vonnegut,German,train
sauber,German,train
dieter,German,train
samuel,German,train
boesch,German,train
tobias,German,train
acker,German,train
vann,German,train
giese,German,train
falk,German,train
reiher,German,train
holzer,German,train
wahner,German,train
unterbrink,German,train
kr ger,German,train
rier,German,train
brinkerhoff,German,train
harman,German,train
waxweiler,German,train
porsche,German,train
protz,German,train
senft,German,train
baumann,German,train
voigts,German,train
von,German,train
faerber,German,train
stauss,German,train
hass,German,train
gro e,German,train
wirnhier,German,train
amsel,German,train
kaspar,German,train
aleshite,German,train
hoch,German,train
fleischer,German,train
lewerenz,German,train
schultheiss,German,train
pahlke,German,train
bergfalk,German,train
ebner,German,train
brand,German,train
abbing,German,train
kron,German,train
lehmann,German,train
kistler,German,train
feldt,German,train
kruger,German,train
steen,German,train
schlimme,German,train
gaertner,German,train
gerver,German,train
regenbogen,German,train
wegener,German,train
simons,German,train
frei,German,train
nussenbaum,German,train
carver,German,train
geiger,German,train
bruhn,German,train
blumstein,German,train
benn,German,train
reiter,German,train
teufel,German,train
paternoster,German,train
janz,German,train
dirchs,German,train
peter,German,train
giehl,German,train
rademacher,German,train
schult,German,train
spannagel,German,train
gott,German,train
ludwig,German,train
scheer,German,train
martin,German,train
seelenfreund,German,train
heinrichs,German,train
g nther,German,train
schr ter,German,train
vogt,German,train
weiner,German,train
lafrenz,German,train
hafner,German,train
baum,German,train
habicht,German,train
klein,German,train
schirmer,German,train
kerwer,German,train
huber,German,train
weiman,German,train
morgenstern,German,train
koenigsmann,German,train
keller,German,train
siskind,German,train
kuntz,German,train
schoettmer,German,train
seidel,German,train
gotti,German,train
hinrichs,German,train
schr der,German,train
friedrich,German,train
everhart,German,train
sorg,German,train
gl ckner,German,train
enns,German,train
senft,German,train
heidrich,German,train
tritten,German,train
hertz,German,train
fromm,German,train
lohrenz,German,train
sturm,German,train
voigt,German,train
breiner,German,train
metz,German,train
holzmann,German,train
schwarz,German,train
abt,German,train
wiegand,German,train
wieck,German,train
gutermuth,German,train
aeschelman,German,train
sheinfeld,German,train
sponaugle,German,train
sander,German,train
mendelssohn,German,train
armbr ster,German,train
b hr,German,train
koenig,German,train
cline,German,train
kistner,German,train
oelberg,German,train
herbert,German,train
jollenbeck,German,train
pletcher,German,train
neumann,German,train
lawrenz,German,train
solberg,German,train
hauer,German,train
garb,German,train
kunkel,German,train
paulis,German,train
b hm,German,train
wetterman,German,train
pfenning,German,train
stenger,German,train
tresler,German,train
schmid,German,train
vo ,German,train
papp,German,train
vogts,German,train
bieber,German,train
schuchardt,German,train
brotz,German,train
rothenberg,German,train
havener,German,train
gerst,German,train
gehring,German,train
mendel,German,train
von,German,train
schreier,German,train
kraus,German,train
sommer,German,train
leverenz,German,train
b hme,German,train
geissler,German,train
armbruster,German,train
h fler,German,train
ohme,German,train
gr el,German,train
knepp,German,train
kr mer,German,train
strand,German,train
adler,German,train
langenberg,German,train
derrick,German,train
brandt,German,train
baasch,German,train
heintze,German,train
trumbauer,German,train
brahms,German,train
swango,German,train
gro er,German,train
schmitz,German,train
schmeling,German,train
oberst,German,train
kohler,German,train
tangeman,German,train
wildgrube,German,train
gottlieb,German,train
hofer,German,train
knopp,German,train
leitz,German,train
albert,German,train
melsbach,German,train
schuhart,German,train
kunze,German,train
rothschild,German,val
schulthei ,German,val
boehler,German,val
messerli,German,val
steinmann,German,val
jund,German,val
hildebrand,German,val
meisner,German,val
krau ,German,val
eichel,German,val
haupt,German,val
switzer,German,val
busch,German,val
brose,German,val
voll,German,val
warner,German,val
gunther,German,val
messmann,German,val
wirner,German,val
aust,German,val
sch fer,German,val
greenberg,German,val
kaufman,German,val
meissner,German,val
lorenzen,German,val
drechsler,German,val
stumpf,German,val
roth,German,val
siegel,German,val
k chler,German,val
houk,German,val
j ger,German,val
hellewege,German,val
schroeter,German,val
bocker,German,val
mayer,German,val
brauer,German,val
althaus,German,val
brune,German,val
moser,German,val
unruh,German,val
duerr,German,val
ingersleben,German,val
hermann,German,val
h ber,German,val
schenck,German,val
marquerink,German,val
egger,German,val
gr newald,German,val
kaiser,German,val
grosz,German,val
ritter,German,val
schultz,German,val
volk,German,val
gro ,German,val
adlersfl gel,German,val
gerhardt,German,val
otto,German,val
d rr,German,val
garber,German,val
schnoor,German,val
burgstaller,German,val
langer,German,val
stuber,German,val
leitzke,German,val
schlender,German,val
kalbfleisch,German,val
lange,German,val
steube,German,val
hasenkamp,German,val
siemon,German,val
schreck,German,val
foth,German,val
winther,German,val
hoefler,German,val
waldfogel,German,val
wechsler,German,val
saller,German,val
k stner,German,val
wei ,German,val
aue,German,val
l we,German,val
kerner,German,val
maas,German,val
katz,German,val
b hmer,German,val
schuttmann,German,test
schroeder,German,test
wetzel,German,test
schwangau,German,test
wang,German,test
behrends,German,test
koch,German,test
m ller,German,test
tiedeman,German,test
rapp,German,test
karl,German,test
jans,German,test
hofmann,German,test
sitz,German,test
wehunt,German,test
larenz,German,test
sorge,German,test
wegberg,German,test
haber,German,test
wehner,German,test
behrend,German,test
sonnen,German,test
hausler,German,test
rosenberger,German,test
linden,German,test
messner,German,test
rosenberg,German,test
hartmann,German,test
krebs,German,test
w gner,German,test
hintzen,German,test
mueller,German,test
hoover,German,test
mohren,German,test
reier,German,test
sternberg,German,test
hase,German,test
steffen,German,test
w hner,German,test
weiss,German,test
huffmann,German,test
meyer,German,test
baumbach,German,test
dreschner,German,test
schuster,German,test
schumacher,German,test
dunst,German,test
shriver,German,test
best,German,test
bauers,German,test
vogel,German,test
blumenthal,German,test
jaeger,German,test
tolkien,German,test
blecher,German,test
fux,German,test
schultze,German,test
pfaff,German,test
kassmeyer,German,test
papke,German,test
fenstermacher,German,test
beringer,German,test
wyman,German,test
huffman,German,test
wagner,German,test
hofmeister,German,test
bader,German,test
wolter,German,test
buhr,German,test
gensch,German,test
weber,German,test
richard,German,test
dohman,German,test
kiefer,German,test
herrmann,German,test
wruck,German,test
kirchner,German,test
auer,German,test
west,German,test
maus,German,test
oppenheimer,German,test
schulte,German,test
schultes,German,test
schwenke,German,test
breisacher,German,test
frank,German,test
heinrich,German,test
panoulias,Greek,train
close,Greek,train
sortras,Greek,train
polites,Greek,train
bouloukos,Greek,train
demas,Greek,train
sotiris,Greek,train
laganas,Greek,train
kanavos,Greek,train
vlahos,Greek,train
grammatakakis,Greek,train
fotopoulos,Greek,train
anetakis,Greek,train
egonidis,Greek,train
dertilis,Greek,train
calogerakis,Greek,train
close,Greek,train
lolos,Greek,train
sklavenitis,Greek,train
liatos,Greek,train
christakos,Greek,train
papoutsis,Greek,train
giannakos,Greek,train
demetrious,Greek,train
koulaxizis,Greek,train
makricosta,Greek,train
milionis,Greek,train
pefanis,Greek,train
christodoulou,Greek,train
tsogas,Greek,train
stamatelos,Greek,train
manoukarakis,Greek,train
sardelis,Greek,train
dasios,Greek,train
mentis,Greek,train
dalianis,Greek,train
close,Greek,train
kouches,Greek,train
michalaras,Greek,train
kalogeria,Greek,train
nomikos,Greek,train
kefalas,Greek,train
arvanitoyannis,Greek,train
totolos,Greek,train
paloumbas,Greek,train
bursinos,Greek,train
fourakis,Greek,train
adamidis,Greek,train
paitakes,Greek,train
pantelakos,Greek,train
mersinias,Greek,train
manos,Greek,train
xydis,Greek,train
nikolaou,Greek,train
diakogeorgiou,Greek,train
dounias,Greek,train
papadelias,Greek,train
maneates,Greek,train
missiakos,Greek,train
papageorge,Greek,train
glynatsis,Greek,train
ruvelas,Greek,train
rigatos,Greek,train
tassioglou,Greek,train
karameros,Greek,train
paraskos,Greek,train
haritopoulos,Greek,train
kotsilimbas,Greek,train
karnoupakis,Greek,train
kosmas,Greek,train
tsoumada,Greek,train
danas,Greek,train
spyridis,Greek,train
galanopoulos,Greek,train
protopsaltis,Greek,train
pappayiorgas,Greek,train
poniros,Greek,train
demarchis,Greek,train
strilakos,Greek,train
chrysanthopoulos,Greek,train
gianakopulos,Greek,train
vourlis,Greek,train
pezos,Greek,train
kaloxylos,Greek,train
horiatis,Greek,train
banos,Greek,train
kyritsis,Greek,train
kapsimalles,Greek,train
kreskas,Greek,train
metrofanis,Greek,train
antipas,Greek,train
papadopulos,Greek,train
vassilopulos,Greek,train
kringos,Greek,train
forakis,Greek,train
vamvakidis,Greek,train
stroggylis,Greek,train
antonakos,Greek,train
zouvelekis,Greek,train
sakellariou,Greek,train
giannakopoulos,Greek,train
kalakos,Greek,train
gomatos,Greek,train
close,Greek,train
kourempes,Greek,train
zaloumi,Greek,train
geracimos,Greek,train
kouretas,Greek,train
tsahalis,Greek,train
kokoris,Greek,val
taflambas,Greek,val
petrakis,Greek,val
koutsoubos,Greek,val
comino,Greek,val
pispinis,Greek,val
chrysanthopoulos,Greek,val
georgeakopoulos,Greek,val
alexandropoulos,Greek,val
lillis,Greek,val
brisimitzakis,Greek,val
chellos,Greek,val
theofilopoulos,Greek,val
stamatas,Greek,val
tourna,Greek,val
hagias,Greek,val
paraskevopoulos,Greek,val
avgerinos,Greek,val
antimisiaris,Greek,val
rallis,Greek,val
pantelas,Greek,val
dritsas,Greek,val
tableriou,Greek,val
karahalios,Greek,test
close,Greek,test
vassilikos,Greek,test
batsakis,Greek,test
close,Greek,test
angelopoulos,Greek,test
patselas,Greek,test
akrivopoulos,Greek,test
kokkali,Greek,test
malihoudis,Greek,test
demakis,Greek,test
letsos,Greek,test
panayiotopoulos,Greek,test
eliopoulos,Greek,test
kolovos,Greek,test
tselios,Greek,test
belesis,Greek,test
petimezas,Greek,test
phocas,Greek,test
katsourinis,Greek,test
koustoubos,Greek,test
polymenakou,Greek,test
antonopoulos,Greek,test
agelakos,Greek,test
names,Irish,train
simon,Irish,train
o donnell,Irish,train
aodh,Irish,train
o brien,Irish,train
ceallachan,Irish,train
o dell,Irish,train
ahearn,Irish,train
d bhshlaine,Irish,train
o leary,Irish,train
tadhg,Irish,train
teague,Irish,train
macghabhann,Irish,train
lennon,Irish,train
whalen,Irish,train
mcnab,Irish,train
brian,Irish,train
maceachthighearna,Irish,train
eoin,Irish,train
delaney,Irish,train
roach,Irish,train
shannon,Irish,train
niall,Irish,train
rhys,Irish,train
pharlain,Irish,train
treasach,Irish,train
niadh,Irish,train
macfarland,Irish,train
eoghan,Irish,train
cormac,Irish,train
cuidightheach,Irish,train
tracey,Irish,train
aodha,Irish,train
peatain,Irish,train
connell,Irish,train
register,Irish,train
o reilly,Irish,train
o driscoll,Irish,train
cennetig,Irish,train
mochan,Irish,train
muirchertach,Irish,train
daly,Irish,train
login,Irish,train
duncan,Irish,train
eoin,Irish,train
coilean,Irish,train
ivor,Irish,train
o shea,Irish,train
rory,Irish,train
o ryan,Irish,train
mooney,Irish,train
farrell,Irish,train
o meara,Irish,train
keefe,Irish,train
o kane,Irish,train
nuallan,Irish,train
o brian,Irish,train
sluaghadhan,Irish,train
o hagan,Irish,train
manus,Irish,train
madaidhin,Irish,train
o hannagain,Irish,train
o hanlon,Irish,train
mclain,Irish,train
conall,Irish,train
conchobhar,Irish,train
bradach,Irish,train
riain,Irish,train
o sullivan,Irish,train
collins,Irish,train
cassidy,Irish,train
maguire,Irish,train
braden,Irish,train
o neill,Irish,train
cathain,Irish,train
reilly,Irish,train
macdermott,Irish,train
neil,Irish,train
cathasach,Irish,train
fearghal,Irish,train
rodagh,Irish,train
nolan,Irish,train
o rourke,Irish,train
callaghan,Irish,train
flann,Irish,train
michael,Irish,train
o connor,Irish,train
clark,Irish,train
o donoghue,Irish,train
o hara,Irish,train
o malley,Irish,train
o keefe,Irish,train
bran,Irish,train
rian,Irish,train
naoimhin,Irish,train
mcguire,Irish,train
ciardha,Irish,train
donovan,Irish,train
quigley,Irish,train
riagain,Irish,train
sullivan,Irish,train
flanagan,Irish,train
patrick,Irish,train
seighin,Irish,train
aonghus,Irish,train
mcmahon,Irish,train
o hare,Irish,train
ruadhan,Irish,train
neville,Irish,train
murchadh,Irish,train
cathan,Irish,train
whelan,Irish,train
gallchobhar,Irish,train
kelly,Irish,train
dubhan,Irish,train
sloan,Irish,train
bradan,Irish,train
o mahony,Irish,train
o neal,Irish,train
cleirigh,Irish,train
conn,Irish,train
o byrne,Irish,train
o doherty,Irish,train
faolan,Irish,train
aonghuis,Irish,train
o boyle,Irish,train
taidhg,Irish,train
ceallach,Irish,train
damhan,Irish,val
ruadhain,Irish,val
o connell,Irish,val
o hannigain,Irish,val
o mahoney,Irish,val
mohan,Irish,val
bhrighde,Irish,val
gerald,Irish,val
meadhra,Irish,val
colman,Irish,val
carey,Irish,val
finnegan,Irish,val
suaird,Irish,val
sioda,Irish,val
adam,Irish,val
mathghamhain,Irish,val
donnchadh,Irish,val
gorman,Irish,val
damhain,Irish,val
casey,Irish,val
corraidhin,Irish,val
o keeffe,Irish,val
hayden,Irish,val
reagan,Irish,val
diarmaid,Irish,val
samuel,Irish,val
maciomhair,Irish,val
coghlan,Irish,test
o donnell,Irish,test
cnaimhin,Irish,test
nevin,Irish,test
o grady,Irish,test
maurice,Irish,test
o kelly,Irish,test
ruadh,Irish,test
milligan,Irish,test
brannon,Irish,test
fergus,Irish,test
o boyle,Irish,test
raghailligh,Irish,test
malone,Irish,test
o toole,Irish,test
doyle,Irish,test
tadhgan,Irish,test
flynn,Irish,test
macclelland,Irish,test
mullen,Irish,test
john,Irish,test
mulryan,Irish,test
maille,Irish,test
domhnall,Irish,test
brady,Irish,test
william,Irish,test
monahan,Irish,test
power,Irish,test
acconci,Italian,train
bazzoli,Italian,train
nervetti,Italian,train
scutese,Italian,train
pesaro,Italian,train
d amore,Italian,train
natale,Italian,train
carbone,Italian,train
motta,Italian,train
milani,Italian,train
amato,Italian,train
nelli,Italian,train
bandini,Italian,train
de,Italian,train
boveri,Italian,train
accosi,Italian,train
marchetti,Italian,train
sebastiani,Italian,train
ajello,Italian,train
cino,Italian,train
sarti,Italian,train
pecora,Italian,train
armati,Italian,train
amadori,Italian,train
tafani,Italian,train
castro,Italian,train
coiro,Italian,train
rotolo,Italian,train
poletti,Italian,train
span ,Italian,train
orsini,Italian,train
profeta,Italian,train
arlotti,Italian,train
sebastino,Italian,train
tiraboschi,Italian,train
abbascia,Italian,train
vigo,Italian,train
abramo,Italian,train
al ,Italian,train
africano,Italian,train
felice,Italian,train
boerio,Italian,train
bartolomei,Italian,train
nespola,Italian,train
capello,Italian,train
moretti,Italian,train
serafin,Italian,train
adalardi,Italian,train
paternoster,Italian,train
lombardi,Italian,train
arrighi,Italian,train
cingolani,Italian,train
masin,Italian,train
nicolai,Italian,train
buffone,Italian,train
provenza,Italian,train
serafini,Italian,train
caiazzo,Italian,train
alunni,Italian,train
buonarroti,Italian,train
zeni,Italian,train
allegro,Italian,train
arrigucci,Italian,train
aiolfi,Italian,train
merlo,Italian,train
mondadori,Italian,train
gaspari,Italian,train
altimari,Italian,train
crocetti,Italian,train
pedrotti,Italian,train
micheli,Italian,train
mazza,Italian,train
morra,Italian,train
marconi,Italian,train
cattaneo,Italian,train
ricchetti,Italian,train
rege,Italian,train
gimondi,Italian,train
alessi,Italian,train
rais,Italian,train
nizzola,Italian,train
lupo,Italian,train
bartalotti,Italian,train
valentini,Italian,train
pietri,Italian,train
moschella,Italian,train
cuocco,Italian,train
d ambrosio,Italian,train
sorrentino,Italian,train
bosco,Italian,train
ravenna,Italian,train
campana,Italian,train
alagona,Italian,train
agnusdei,Italian,train
piccirillo,Italian,train
sordi,Italian,train
manco,Italian,train
valerio,Italian,train
sinagra,Italian,train
monte,Italian,train
nani,Italian,train
nicolosi,Italian,train
alessandri,Italian,train
ragno,Italian,train
siena,Italian,train
nardovino,Italian,train
messana,Italian,train
bologna,Italian,train
carlevaro,Italian,train
altoviti,Italian,train
pastore,Italian,train
sinagra,Italian,train
favero,Italian,train
nicchi,Italian,train
alescio,Italian,train
corti,Italian,train
bellomi,Italian,train
nervi,Italian,train
veronesi,Italian,train
conti,Italian,train
nigro,Italian,train
belmonte,Italian,train
nasato,Italian,train
adamo,Italian,train
bianchi,Italian,train
aggi,Italian,train
bicchieri,Italian,train
nardo,Italian,train
de,Italian,train
savona,Italian,train
notoriano,Italian,train
lippi,Italian,train
acciai,Italian,train
marchioni,Italian,train
campo,Italian,train
fermi,Italian,train
uberti,Italian,train
caro,Italian,train
varano,Italian,train
bellandini,Italian,train
piazza,Italian,train
innocenti,Italian,train
caruso,Italian,train
bellandi,Italian,train
nieri,Italian,train
salvay,Italian,train
naggia,Italian,train
armani,Italian,train
amadei,Italian,train
marchesi,Italian,train
abelli,Italian,train
capello,Italian,train
sartini,Italian,train
toloni,Italian,train
fini,Italian,train
cantu,Italian,train
acerbi,Italian,train
uccello,Italian,train
montana,Italian,train
albrici,Italian,train
ricci,Italian,train
viola,Italian,train
arnoni,Italian,train
rocca,Italian,train
gismondi,Italian,train
di,Italian,train
aliberti,Italian,train
spada,Italian,train
uggeri,Italian,train
cremonesi,Italian,train
pace,Italian,train
porto,Italian,train
mondo,Italian,train
prosdocimi,Italian,train
agostini,Italian,train
baglio,Italian,train
sciarra,Italian,train
valenti,Italian,train
antonelli,Italian,train
notaro,Italian,train
bruno,Italian,train
traversa,Italian,train
rossini,Italian,train
vico,Italian,train
santini,Italian,train
caito,Italian,train
ferraro,Italian,train
altamura,Italian,train
guttuso,Italian,train
guerriero,Italian,train
nicodemo,Italian,train
antonio,Italian,train
santis,Italian,train
como,Italian,train
falco,Italian,train
caivano,Italian,train
testa,Italian,train
abrami,Italian,train
agrioli,Italian,train
trapani,Italian,train
tam ro,Italian,train
tornincasa,Italian,train
ambrosi,Italian,train
zino,Italian,train
fontana,Italian,train
napoletani,Italian,train
laurentis,Italian,train
amalberti,Italian,train
furlan,Italian,train
adami,Italian,train
colombo,Italian,train
leccese,Italian,train
adessi,Italian,train
armonni,Italian,train
romagna,Italian,train
accursio,Italian,train
sansone,Italian,train
bulgari,Italian,train
labriola,Italian,train
carideo,Italian,train
ardiccioni,Italian,train
aliprandi,Italian,train
rustici,Italian,train
giunta,Italian,train
durante,Italian,train
amoretto,Italian,train
agani,Italian,train
mantovani,Italian,train
albanesi,Italian,train
zanetti,Italian,train
pierno,Italian,train
leoni,Italian,train
baldi,Italian,train
marmo,Italian,train
traversi,Italian,train
cucinotta,Italian,train
nicastro,Italian,train
r ,Italian,train
selmone,Italian,train
sciacchitano,Italian,train
sciacca,Italian,train
speziale,Italian,train
brioschi,Italian,train
bencivenni,Italian,train
romano,Italian,train
arrighetti,Italian,train
benivieni,Italian,train
serpico,Italian,train
guidi,Italian,train
dinapoli,Italian,train
esposito,Italian,train
alderisi,Italian,train
evangelista,Italian,train
ruggeri,Italian,train
agnelli,Italian,train
bertolini,Italian,train
bulgarelli,Italian,train
tosi,Italian,train
rossi,Italian,train
baldovini,Italian,train
masi,Italian,train
bove,Italian,train
di,Italian,train
somma,Italian,train
rinaldi,Italian,train
acquarone,Italian,train
aldebrandi,Italian,train
verona,Italian,train
carrara,Italian,train
pesaresi,Italian,train
turati,Italian,train
bartolomeo,Italian,train
nascimbene,Italian,train
aleppo,Italian,train
genovese,Italian,train
barbieri,Italian,train
nave,Italian,train
salucci,Italian,train
romero,Italian,train
agosti,Italian,train
morello,Italian,train
provenzano,Italian,train
acquafredda,Italian,train
ferro,Italian,train
cremaschi,Italian,train
columbo,Italian,train
ganza,Italian,train
abbatantuono,Italian,train
ughi,Italian,train
nannini,Italian,train
ongaro,Italian,train
sgro,Italian,train
abbatangelo,Italian,train
cuoco,Italian,train
amatore,Italian,train
garfagnini,Italian,train
rao,Italian,train
marino,Italian,train
di,Italian,train
quattrocchi,Italian,train
anselmetti,Italian,train
abatangelo,Italian,train
montagna,Italian,train
acquati,Italian,train
balboni,Italian,train
vestri,Italian,train
bondesan,Italian,train
d onofrio,Italian,train
albano,Italian,train
abatantuono,Italian,train
fattore,Italian,train
turchi,Italian,train
sparacello,Italian,train
rosa,Italian,train
traverso,Italian,train
cipriani,Italian,train
breda,Italian,train
pherigo,Italian,train
fiscella,Italian,train
gatti,Italian,train
calligaris,Italian,train
terranova,Italian,train
abbatelli,Italian,train
confortola,Italian,train
lagorio,Italian,train
farina,Italian,train
ambrogi,Italian,train
benenati,Italian,train
nanni,Italian,train
azzar ,Italian,train
necchi,Italian,train
pozzi,Italian,train
adamoli,Italian,train
nicotera,Italian,train
baldinotti,Italian,train
antonini,Italian,train
abatescianni,Italian,train
sapienti,Italian,train
gi govaz,Italian,train
catalano,Italian,train
amerighi,Italian,train
belloni,Italian,train
alesci,Italian,train
sanna,Italian,train
accardo,Italian,train
leone,Italian,train
zappa,Italian,train
pavesi,Italian,train
romano,Italian,train
benvenuti,Italian,train
rocco,Italian,train
dioli,Italian,train
maestri,Italian,train
ferrari,Italian,train
benetton,Italian,train
cavalcante,Italian,train
mari,Italian,train
gentile,Italian,train
basile,Italian,train
orlando,Italian,train
pietro,Italian,train
basurto,Italian,train
stilo,Italian,train
acciaio,Italian,train
neri,Italian,train
ardizzone,Italian,train
albero,Italian,train
parrino,Italian,train
arbore,Italian,train
idoni,Italian,train
sultana,Italian,train
piovene,Italian,train
riva,Italian,train
brambani,Italian,train
capitani,Italian,train
d antonio,Italian,train
tarantino,Italian,train
zini,Italian,train
antonino,Italian,train
vinci,Italian,train
nazario,Italian,train
salvaggi,Italian,train
acqua,Italian,train
stabile,Italian,train
neroni,Italian,train
garofalo,Italian,train
ferrero,Italian,train
cisternino,Italian,train
abandonato,Italian,train
morandi,Italian,train
soldati,Italian,train
pontecorvo,Italian,train
lecce,Italian,train
oberti,Italian,train
zambrano,Italian,train
nicosia,Italian,train
air ,Italian,train
rana,Italian,train
toselli,Italian,train
abategiovanni,Italian,train
goretti,Italian,train
bello,Italian,train
sarto,Italian,train
bov r,Italian,train
abell ,Italian,train
franco,Italian,train
basso,Italian,train
muggia,Italian,train
nana,Italian,train
baggio,Italian,train
fiore,Italian,train
albricci,Italian,train
di,Italian,train
scarpa,Italian,train
de,Italian,train
barsetti,Italian,train
germano,Italian,train
capello,Italian,train
aggio,Italian,train
padovan,Italian,train
bellincioni,Italian,val
pesce,Italian,val
salvail,Italian,val
pasqua,Italian,val
bagnoli,Italian,val
ferrara,Italian,val
franzese,Italian,val
nascimbeni,Italian,val
lama,Italian,val
vacca,Italian,val
stefano,Italian,val
bassanelli,Italian,val
rocchi,Italian,val
mosconi,Italian,val
zangari,Italian,val
soriano,Italian,val
di,Italian,val
bassi,Italian,val
taverna,Italian,val
palladino,Italian,val
zunino,Italian,val
ruzzier,Italian,val
luzzatto,Italian,val
alesio,Italian,val
d angelo,Italian,val
albani,Italian,val
oberto,Italian,val
petri,Italian,val
pisani,Italian,val
ungaretti,Italian,val
nisi,Italian,val
pittaluga,Italian,val
gallo,Italian,val
episcopo,Italian,val
napoleoni,Italian,val
greco,Italian,val
vitali,Italian,val
fava,Italian,val
fabbri,Italian,val
roma,Italian,val
nieddu,Italian,val
bassani,Italian,val
parisi,Italian,val
russo,Italian,val
tumicelli,Italian,val
trudu,Italian,val
biondi,Italian,val
lando,Italian,val
alberghi,Italian,val
angelis,Italian,val
tedesco,Italian,val
roncalli,Italian,val
aiello,Italian,val
corna,Italian,val
pellegrino,Italian,val
ventura,Italian,val
mariani,Italian,val
de,Italian,val
fiscella,Italian,val
ventimiglia,Italian,val
fortunato,Italian,val
montanari,Italian,val
de,Italian,val
poggio,Italian,val
alberghini,Italian,val
abbate,Italian,val
aquila,Italian,val
fonda,Italian,val
costantini,Italian,val
aloia,Italian,val
drago,Italian,val
parodi,Italian,val
robustelli,Italian,val
palmisano,Italian,val
carboni,Italian,val
de,Italian,val
de,Italian,val
potenza,Italian,val
acciaioli,Italian,val
bandoni,Italian,val
belluomi,Italian,val
laguardia,Italian,val
cremona,Italian,val
damiani,Italian,val
de,Italian,val
scarsi,Italian,val
gabrielli,Italian,val
piccoli,Italian,val
alfero,Italian,val
pavone,Italian,val
padovano,Italian,test
de,Italian,test
salomon,Italian,test
sala,Italian,test
nepi,Italian,test
busto,Italian,test
rovigatti,Italian,test
tessaro,Italian,test
romagnoli,Italian,test
salvai,Italian,test
aquino,Italian,test
negri,Italian,test
milano,Italian,test
alesini,Italian,test
naggi,Italian,test
alesi,Italian,test
aita,Italian,test
nardi,Italian,test
vaccaro,Italian,test
palma,Italian,test
todaro,Italian,test
righi,Italian,test
accorsi,Italian,test
fierro,Italian,test
tanzi,Italian,test
aucciello,Italian,test
tosetti,Italian,test
benedetti,Italian,test
rizzo,Italian,test
pagani,Italian,test
caprio,Italian,test
abb ,Italian,test
stablum,Italian,test
fausti,Italian,test
lamberti,Italian,test
lazzari,Italian,test
alduino,Italian,test
mercurio,Italian,test
bagni,Italian,test
berti,Italian,test
scavo,Italian,test
alemagna,Italian,test
sarno,Italian,test
manfredi,Italian,test
amello,Italian,test
adimari,Italian,test
trucco,Italian,test
allegri,Italian,test
lagomars no,Italian,test
lagan ,Italian,test
magro,Italian,test
laterza,Italian,test
accorso,Italian,test
murtas,Italian,test
tivoli,Italian,test
baggi,Italian,test
murgia,Italian,test
baldini,Italian,test
costanzo,Italian,test
accardi,Italian,test
l coni,Italian,test
abate,Italian,test
bonomo,Italian,test
pagano,Italian,test
aconi,Italian,test
cracchiolo,Italian,test
lamon,Italian,test
brunetti,Italian,test
borgogni,Italian,test
negrini,Italian,test
naldi,Italian,test
agli,Italian,test
giordano,Italian,test
martinelli,Italian,test
biondo,Italian,test
leggi ri,Italian,test
l mmi,Italian,test
cola,Italian,test
angioli,Italian,test
sabbadin,Italian,test
villa,Italian,test
ardovini,Italian,test
abbaticchio,Italian,test
adriatico,Italian,test
barzetti,Italian,test
corvi,Italian,test
acone,Italian,test
luca,Italian,test
landolfi,Italian,test
adelardi,Italian,test
kajiwara,Japanese,train
itoh,Japanese,train
funabashi,Japanese,train
fuwa,Japanese,train
kaneko,Japanese,train
joshuya,Japanese,train
ishimaru,Japanese,train
oshin,Japanese,train
bando,Japanese,train
tsukada,Japanese,train
hirase,Japanese,train
sunada,Japanese,train
yamakage,Japanese,train
kawamura,Japanese,train
satoh,Japanese,train
fuschida,Japanese,train
nishimoto,Japanese,train
sanjo,Japanese,train
yamana,Japanese,train
tono,Japanese,train
ijiri,Japanese,train
shioya,Japanese,train
ugaki,Japanese,train
kitagawa,Japanese,train
seo,Japanese,train
ryusaki,Japanese,train
yuhara,Japanese,train
haruguchi,Japanese,train
muro,Japanese,train
tsukioka,Japanese,train
akutagawa,Japanese,train
komatsuzaki,Japanese,train
otomo,Japanese,train
hatayama,Japanese,train
hida,Japanese,train
kokan,Japanese,train
usami,Japanese,train
segawa,Japanese,train
shirokawa,Japanese,train
iida,Japanese,train
koguchi,Japanese,train
ohmae,Japanese,train
kusunoki,Japanese,train
toru,Japanese,train
koshin,Japanese,train
wakatsuki,Japanese,train
uchida,Japanese,train
ito,Japanese,train
kajitani,Japanese,train
tsukade,Japanese,train
yamanouchi,Japanese,train
obuchi,Japanese,train
katayanagi,Japanese,train
yamagata,Japanese,train
kinugasa,Japanese,train
kiski,Japanese,train
taku,Japanese,train
masoni,Japanese,train
ii,Japanese,train
kamon,Japanese,train
etsuko,Japanese,train
doi,Japanese,train
inukai,Japanese,train
miura,Japanese,train
mizumaki,Japanese,train
kudo,Japanese,train
hamada,Japanese,train
suzambo,Japanese,train
monomonoi,Japanese,train
miyamoto,Japanese,train
higashikuni,Japanese,train
nishio,Japanese,train
takashita,Japanese,train
nishimuraya,Japanese,train
ichiyusai,Japanese,train
tsukahara,Japanese,train
yamada,Japanese,train
tatsuko,Japanese,train
tankoshitsu,Japanese,train
sakuraba,Japanese,train
ayabito,Japanese,train
asahi,Japanese,train
satake,Japanese,train
ippitsusai,Japanese,train
sonoda,Japanese,train
kakinomoto,Japanese,train
dan,Japanese,train
watoga,Japanese,train
sugimura,Japanese,train
takashi,Japanese,train
kijimuta,Japanese,train
raikatuji,Japanese,train
kataoka,Japanese,train
kada,Japanese,train
okamoto,Japanese,train
ayugai,Japanese,train
hachirobei,Japanese,train
endo,Japanese,train
igarashi,Japanese,train
yoemon,Japanese,train
takarabe,Japanese,train
kogo,Japanese,train
katsu,Japanese,train
izumi,Japanese,train
kozu,Japanese,train
kawate,Japanese,train
minatoya,Japanese,train
modegi,Japanese,train
deushi,Japanese,train
tsubouchi,Japanese,train
fukayama,Japanese,train
isayama,Japanese,train
terauchi,Japanese,train
sada,Japanese,train
kikui,Japanese,train
sotomura,Japanese,train
okada,Japanese,train
goto,Japanese,train
kikutake,Japanese,train
hisamatsu,Japanese,train
ekiguchi,Japanese,train
shige,Japanese,train
mazuka,Japanese,train
miyagi,Japanese,train
kimura,Japanese,train
ogiwara,Japanese,train
kondo,Japanese,train
toyota,Japanese,train
imagawa,Japanese,train
otake,Japanese,train
komatsu,Japanese,train
kyubei,Japanese,train
katayama,Japanese,train
onoe,Japanese,train
ichisada,Japanese,train
suenami,Japanese,train
ishihara,Japanese,train
siagyo,Japanese,train
sakubara,Japanese,train
kwakami,Japanese,train
kurmochi,Japanese,train
tenshin,Japanese,train
sarumara,Japanese,train
hama,Japanese,train
choshi,Japanese,train
ohira,Japanese,train
kitao,Japanese,train
tsunoda,Japanese,train
takudo,Japanese,train
yamahata,Japanese,train
shiratori,Japanese,train
osaragi,Japanese,train
kenmotsu,Japanese,train
nishiwaki,Japanese,train
tanuma,Japanese,train
hosokaya,Japanese,train
torisei,Japanese,train
matsuya,Japanese,train
takewaki,Japanese,train
okanaya,Japanese,train
mitzusaka,Japanese,train
takasugi,Japanese,train
masanobu,Japanese,train
masaoka,Japanese,train
nakata,Japanese,train
maeda,Japanese,train
maita,Japanese,train
shibanuma,Japanese,train
shimanouchi,Japanese,train
toshusai,Japanese,train
kawatake,Japanese,train
onishi,Japanese,train
ando,Japanese,train
okazawaya,Japanese,train
kira,Japanese,train
nakasato,Japanese,train
akiyama,Japanese,train
hamaguchi,Japanese,train
inokuma,Japanese,train
kahaya,Japanese,train
yasuda,Japanese,train
ibuka,Japanese,train
matokai,Japanese,train
tokuoka,Japanese,train
hatakeda,Japanese,train
hotate,Japanese,train
motoyoshi,Japanese,train
shimuzu,Japanese,train
enoki,Japanese,train
kasamatsu,Japanese,train
takenouchi,Japanese,train
arishima,Japanese,train
kimio,Japanese,train
karubo,Japanese,train
uboshita,Japanese,train
shiraishi,Japanese,train
atshushi,Japanese,train
otaka,Japanese,train
yasujiro,Japanese,train
koga,Japanese,train
tochikura,Japanese,train
shinozuka,Japanese,train
ukiyo,Japanese,train
nakamura,Japanese,train
ki,Japanese,train
shima,Japanese,train
nakane,Japanese,train
hohki,Japanese,train
kanegawa,Japanese,train
namiki,Japanese,train
okabe,Japanese,train
ohishi,Japanese,train
sasakawa,Japanese,train
matsuzawa,Japanese,train
imaizumi,Japanese,train
ono,Japanese,train
takahama,Japanese,train
fuse,Japanese,train
kaza,Japanese,train
kawabata,Japanese,train
umeki,Japanese,train
sugawara,Japanese,train
kajiyama,Japanese,train
takagi,Japanese,train
hirasi,Japanese,train
yasukawa,Japanese,train
shimedzu,Japanese,train
yamura,Japanese,train
takeda,Japanese,train
shiba,Japanese,train
takagaki,Japanese,train
yoshizawa,Japanese,train
shimizu,Japanese,train
tabuchi,Japanese,train
tomori,Japanese,train
moto,Japanese,train
oinuma,Japanese,train
arita,Japanese,train
hosokawa,Japanese,train
miyajima,Japanese,train
kato,Japanese,train
sakoda,Japanese,train
ienari,Japanese,train
aizawa,Japanese,train
nagasawa,Japanese,train
yamashita,Japanese,train
kobi,Japanese,train
iwahara,Japanese,train
omori,Japanese,train
futabatei,Japanese,train
ueshima,Japanese,train
hokusai,Japanese,train
mihashi,Japanese,train
iwasa,Japanese,train
matoke,Japanese,train
ibi,Japanese,train
akera,Japanese,train
tanizaki,Japanese,train
hiratasuka,Japanese,train
nakanishi,Japanese,train
ihara,Japanese,train
tsukatani,Japanese,train
nagata,Japanese,train
kihara,Japanese,train
umari,Japanese,train
hojo,Japanese,train
nishimura,Japanese,train
shibata,Japanese,train
hirata,Japanese,train
hatoyama,Japanese,train
yamhata,Japanese,train
noda,Japanese,train
hanari,Japanese,train
shiokawa,Japanese,train
arihyoshi,Japanese,train
otani,Japanese,train
shirane,Japanese,train
chiba,Japanese,train
naito,Japanese,train
ozawa,Japanese,train
kajahara,Japanese,train
kon,Japanese,train
matsumoto,Japanese,train
kamo,Japanese,train
hoshino,Japanese,train
yamaha,Japanese,train
matsumura,Japanese,train
akita,Japanese,train
terajima,Japanese,train
hayami,Japanese,train
sekine,Japanese,train
numata,Japanese,train
yamamoto,Japanese,train
tommii,Japanese,train
nishikawa,Japanese,train
onohara,Japanese,train
kuramoto,Japanese,train
yoshizaki,Japanese,train
suzuki,Japanese,train
komura,Japanese,train
tojo,Japanese,train
terakado,Japanese,train
maruya,Japanese,train
otsuka,Japanese,train
makioka,Japanese,train
togo,Japanese,train
kamisaka,Japanese,train
kamioka,Japanese,train
fukunaka,Japanese,train
matsumara,Japanese,train
kuramochi,Japanese,train
kitabatake,Japanese,train
tange,Japanese,train
kan,Japanese,train
yonai,Japanese,train
amaya,Japanese,train
itami,Japanese,train
isobe,Japanese,train
kinashita,Japanese,train
mizutani,Japanese,train
ko,Japanese,train
okano,Japanese,train
hiyama,Japanese,train
tsujimura,Japanese,train
kaminaga,Japanese,train
fujimoto,Japanese,train
akaike,Japanese,train
kitoaji,Japanese,train
sato,Japanese,train
tsukawaki,Japanese,train
mishima,Japanese,train
hira,Japanese,train
hirano,Japanese,train
senmatsu,Japanese,train
nakahara,Japanese,train
furusawa,Japanese,train
nozaki,Japanese,train
hagiwara,Japanese,train
fumihiko,Japanese,train
kubota,Japanese,train
yosano,Japanese,train
kuno,Japanese,train
sugitani,Japanese,train
kikkawa,Japanese,train
sen,Japanese,train
nomura,Japanese,train
ohba,Japanese,train
minamoto,Japanese,train
shimon,Japanese,train
nakasone,Japanese,train
shinozaki,Japanese,train
obata,Japanese,train
chikamatsu,Japanese,train
nonomura,Japanese,train
sugase,Japanese,train
kurofuji,Japanese,train
kogara,Japanese,train
matsuo,Japanese,train
murata,Japanese,train
kikuchi,Japanese,train
uno,Japanese,train
ichikawa,Japanese,train
miyoshi,Japanese,train
obinata,Japanese,train
kurata,Japanese,train
yuasa,Japanese,train
narahashi,Japanese,train
sakai,Japanese,train
ohka,Japanese,train
takaki,Japanese,train
kubo,Japanese,train
ninomiya,Japanese,train
arakawa,Japanese,train
yamawaki,Japanese,train
toyama,Japanese,train
kita,Japanese,train
okimasa,Japanese,train
kamachi,Japanese,train
nosaka,Japanese,train
kawasie,Japanese,train
takayama,Japanese,train
sakata,Japanese,train
marubeni,Japanese,train
takeshita,Japanese,train
arai,Japanese,train
fukusaku,Japanese,train
hotta,Japanese,train
kodama,Japanese,train
baisotei,Japanese,train
aihara,Japanese,train
fujikage,Japanese,train
yamaoka,Japanese,train
maehata,Japanese,train
ochiai,Japanese,train
urogataya,Japanese,train
aida,Japanese,train
ikoma,Japanese,train
joshuyo,Japanese,train
takemitsu,Japanese,train
koyanagi,Japanese,train
shirahata,Japanese,train
nagai,Japanese,train
fukushima,Japanese,train
yoshikawa,Japanese,train
takagawa,Japanese,train
tokudome,Japanese,train
egami,Japanese,train
fujiwara,Japanese,train
horigoshi,Japanese,train
katsumata,Japanese,train
ooka,Japanese,train
amori,Japanese,train
takara,Japanese,train
ezakiya,Japanese,train
munkata,Japanese,train
kenkyusha,Japanese,train
endoso,Japanese,train
matsushita,Japanese,train
moriguchi,Japanese,train
hamacho,Japanese,train
uchiyama,Japanese,train
hirota,Japanese,train
iseki,Japanese,train
yanagita,Japanese,train
hyata,Japanese,train
shimohira,Japanese,train
yoshinobu,Japanese,train
kotara,Japanese,train
shiga,Japanese,train
ogura,Japanese,train
mitsuya,Japanese,train
yasuhiro,Japanese,train
kusatsu,Japanese,train
asuhara,Japanese,train
nawabe,Japanese,train
tani,Japanese,train
wakai,Japanese,train
takaoka,Japanese,train
asai,Japanese,train
ashida,Japanese,train
murkami,Japanese,train
mitsui,Japanese,train
chino,Japanese,train
okimoto,Japanese,train
tomika,Japanese,train
makino,Japanese,train
sone,Japanese,train
shigi,Japanese,train
nakano,Japanese,train
shiomiya,Japanese,train
toshishai,Japanese,train
kentaro,Japanese,train
kotoku,Japanese,train
nagase,Japanese,train
takimoto,Japanese,train
ashikaga,Japanese,train
tsukehara,Japanese,train
tsuda,Japanese,train
ui,Japanese,train
saromi,Japanese,train
murase,Japanese,train
fukumitsu,Japanese,train
arakida,Japanese,train
mutsu,Japanese,train
oishi,Japanese,train
kaima,Japanese,train
yokokawa,Japanese,train
sasaki,Japanese,train
nanami,Japanese,train
mayuzumi,Japanese,train
honami,Japanese,train
tsurimi,Japanese,train
tawaraya,Japanese,train
inaba,Japanese,train
fukao,Japanese,train
mushanaokoji,Japanese,train
hiroyuki,Japanese,train
ino,Japanese,train
nakatoni,Japanese,train
hiraga,Japanese,train
hiraoka,Japanese,train
haga,Japanese,train
sakiyurai,Japanese,train
tsumemasa,Japanese,train
kawasawa,Japanese,train
sammiya,Japanese,train
ogyu,Japanese,train
abukara,Japanese,train
soma,Japanese,train
kawamata,Japanese,train
kasuse,Japanese,train
irie,Japanese,train
nagano,Japanese,train
mashita,Japanese,train
yamakawa,Japanese,train
sanda,Japanese,train
sugihara,Japanese,train
miki,Japanese,train
otsu,Japanese,train
sohda,Japanese,train
sakamoto,Japanese,train
matsushina,Japanese,train
akamatsu,Japanese,train
tsuji,Japanese,train
higoshi,Japanese,train
hasegawa,Japanese,train
nakanoi,Japanese,train
uehara,Japanese,train
horiuchi,Japanese,train
akimoto,Japanese,train
hiranuma,Japanese,train
ogata,Japanese,train
takei,Japanese,train
komine,Japanese,train
okubo,Japanese,train
mitsuharu,Japanese,train
sakakibara,Japanese,train
sawamatsu,Japanese,train
oichi,Japanese,train
ishinomori,Japanese,train
hayashida,Japanese,train
kawachi,Japanese,train
watanabe,Japanese,train
hanabusa,Japanese,train
konoe,Japanese,train
munakata,Japanese,train
karamorita,Japanese,train
terada,Japanese,train
minabuchi,Japanese,train
shibukji,Japanese,train
fukuzawa,Japanese,train
morinaga,Japanese,train
yoshitomi,Japanese,train
hideyoshi,Japanese,train
koizumi,Japanese,train
tatsuya,Japanese,train
saga,Japanese,train
nagumo,Japanese,train
sugisata,Japanese,train
minobe,Japanese,train
imoo,Japanese,train
kuga,Japanese,train
nakada,Japanese,val
kasahara,Japanese,val
royama,Japanese,val
tatenaka,Japanese,val
tagawa,Japanese,val
koruba,Japanese,val
kuwabara,Japanese,val
ina,Japanese,val
okasawa,Japanese,val
numajiri,Japanese,val
kase,Japanese,val
mizuno,Japanese,val
saitoh,Japanese,val
shimamura,Japanese,val
daishi,Japanese,val
masuko,Japanese,val
teshima,Japanese,val
kuroki,Japanese,val
kasaya,Japanese,val
masuzoe,Japanese,val
hirayama,Japanese,val
watabe,Japanese,val
kumasaka,Japanese,val
sakurai,Japanese,val
kishi,Japanese,val
makuda,Japanese,val
anzai,Japanese,val
fugunaga,Japanese,val
yamakazi,Japanese,val
matsuda,Japanese,val
shimazu,Japanese,val
shigeki,Japanese,val
minami,Japanese,val
fukuyama,Japanese,val
kijmuta,Japanese,val
yoshifumi,Japanese,val
iriye,Japanese,val
hattori,Japanese,val
dazai,Japanese,val
hasimoto,Japanese,val
ishibashi,Japanese,val
kawashima,Japanese,val
yamaguchiya,Japanese,val
iesada,Japanese,val
kono,Japanese,val
hino,Japanese,val
shirasu,Japanese,val
kitamura,Japanese,val
aoki,Japanese,val
kurogane,Japanese,val
miyamae,Japanese,val
fujishima,Japanese,val
shichirobei,Japanese,val
asari,Japanese,val
inihara,Japanese,val
ijichi,Japanese,val
shimaoka,Japanese,val
okuda,Japanese,val
kusuhara,Japanese,val
ouchi,Japanese,val
saionji,Japanese,val
tarumi,Japanese,val
nakayama,Japanese,val
kakutama,Japanese,val
taira,Japanese,val
kanada,Japanese,val
morri,Japanese,val
morimoto,Japanese,val
oyama,Japanese,val
saiki,Japanese,val
tanaka,Japanese,val
horri,Japanese,val
sugai,Japanese,val
umehara,Japanese,val
yano,Japanese,val
noguchi,Japanese,val
tsuchie,Japanese,val
ebisawa,Japanese,val
shinko,Japanese,val
onoda,Japanese,val
kojima,Japanese,val
ichiro,Japanese,val
matano,Japanese,val
fukuoka,Japanese,val
jumonji,Japanese,val
mazaki,Japanese,val
muraoka,Japanese,val
iijima,Japanese,val
saji,Japanese,val
muraguchi,Japanese,val
nakajima,Japanese,val
taka,Japanese,val
okumura,Japanese,val
okamura,Japanese,val
kuroda,Japanese,val
imada,Japanese,val
kunda,Japanese,val
okazaki,Japanese,val
yunokawa,Japanese,val
tsutomu,Japanese,val
uemura,Japanese,val
idane,Japanese,val
higuchi,Japanese,val
hayashi,Japanese,val
miyahara,Japanese,val
taniguchi,Japanese,val
oshima,Japanese,val
morishita,Japanese,val
hayata,Japanese,val
iemochi,Japanese,val
shunji,Japanese,val
yanagi,Japanese,val
murakami,Japanese,val
miyazaki,Japanese,val
saeki,Japanese,val
enomoto,Japanese,val
hishida,Japanese,test
soho,Japanese,test
sumitimo,Japanese,test
mitsubishi,Japanese,test
ariwara,Japanese,test
nakasawa,Japanese,test
asano,Japanese,test
yasutake,Japanese,test
narato,Japanese,test
masudu,Japanese,test
ikina,Japanese,test
kinoshita,Japanese,test
yamanaka,Japanese,test
momotani,Japanese,test
ishimura,Japanese,test
odaka,Japanese,test
shiroyama,Japanese,test
tsucgimoto,Japanese,test
kasai,Japanese,test
shimada,Japanese,test
temko,Japanese,test
soseki,Japanese,test
nogushi,Japanese,test
okuma,Japanese,test
toyoshima,Japanese,test
morisue,Japanese,test
kano,Japanese,test
bunya,Japanese,test
shoda,Japanese,test
funakoshi,Japanese,test
takahashi,Japanese,test
nataga,Japanese,test
narita,Japanese,test
ise,Japanese,test
hishikawa,Japanese,test
shimazaki,Japanese,test
makiguchi,Japanese,test
yoshihara,Japanese,test
marusa,Japanese,test
hyobanshi,Japanese,test
hike,Japanese,test
horigome,Japanese,test
yamamura,Japanese,test
kate,Japanese,test
gensai,Japanese,test
miyazawa,Japanese,test
tsutaya,Japanese,test
fukuda,Japanese,test
noro,Japanese,test
nakazawa,Japanese,test
ajibana,Japanese,test
imai,Japanese,test
kanagaki,Japanese,test
mushashibo,Japanese,test
kobayashi,Japanese,test
shimura,Japanese,test
shigemitsu,Japanese,test
kurkawa,Japanese,test
saigo,Japanese,test
tamura,Japanese,test
shiskikura,Japanese,test
katsura,Japanese,test
ichimonji,Japanese,test
yokoyama,Japanese,test
kamata,Japanese,test
matsuoka,Japanese,test
okanao,Japanese,test
muruyama,Japanese,test
ieyasu,Japanese,test
hasekura,Japanese,test
hori,Japanese,test
shobo,Japanese,test
higo,Japanese,test
niijima,Japanese,test
nishi,Japanese,test
takasu,Japanese,test
okawa,Japanese,test
takabe,Japanese,test
kudara,Japanese,test
ochida,Japanese,test
ieyoshi,Japanese,test
eto,Japanese,test
iitaka,Japanese,test
sakagami,Japanese,test
hitomi,Japanese,test
sano,Japanese,test
konishi,Japanese,test
maruyama,Japanese,test
nakao,Japanese,test
jimbo,Japanese,test
mimasuya,Japanese,test
miyake,Japanese,test
uoya,Japanese,test
ikeda,Japanese,test
kitano,Japanese,test
motoori,Japanese,test
serizawa,Japanese,test
sassa,Japanese,test
inouye,Japanese,test
anami,Japanese,test
mitsuwa,Japanese,test
shidehara,Japanese,test
koiso,Japanese,test
matsura,Japanese,test
kamio,Japanese,test
marugo,Japanese,test
eda,Japanese,test
karube,Japanese,test
asanuma,Japanese,test
kashiwagi,Japanese,test
tamazaki,Japanese,test
uetake,Japanese,test
iwakura,Japanese,test
kurosawa,Japanese,test
ishikawa,Japanese,test
uesugi,Japanese,test
yoshida,Japanese,test
ko,Korean,train
lim,Korean,train
tsai,Korean,train
wang,Korean,train
choe,Korean,train
han,Korean,train
noh,Korean,train
youn,Korean,train
suk,Korean,train
gu,Korean,train
kim,Korean,train
kang,Korean,train
yi,Korean,train
hwang,Korean,train
son,Korean,train
choi,Korean,train
bang,Korean,train
li,Korean,train
san,Korean,train
chang,Korean,train
yu,Korean,train
sun,Korean,train
yun,Korean,train
jo,Korean,train
sook,Korean,train
rhee,Korean,train
gil,Korean,train
chu,Korean,train
koo,Korean,train
jeon,Korean,train
ku,Korean,train
si,Korean,train
ho,Korean,train
jon,Korean,train
rim,Korean,train
sung,Korean,train
suh,Korean,train
yeon,Korean,train
pae,Korean,train
cha,Korean,train
woo,Korean,train
jung,Korean,train
yoo,Korean,train
ron,Korean,train
rheem,Korean,train
seok,Korean,train
shin,Korean,train
yoon,Korean,train
kwang,Korean,train
baik,Korean,train
ryoo,Korean,train
yang,Korean,train
chweh,Korean,train
seo,Korean,val
chun,Korean,val
nam,Korean,val
you,Korean,val
moon,Korean,val
shon,Korean,val
sin,Korean,val
cho,Korean,val
lee,Korean,val
ri,Korean,val
byon,Korean,val
ahn,Korean,test
yim,Korean,test
yeo,Korean,test
ra,Korean,test
mo,Korean,test
park,Korean,test
hong,Korean,test
hyun,Korean,test
so,Korean,test
youj,Korean,test
jong,Korean,test
chi,Korean,test
kwak,Korean,test
winograd,Polish,train
marek,Polish,train
zdunowski,Polish,train
bobienski,Polish,train
chmiel,Polish,train
starek,Polish,train
maly,Polish,train
brzezicki,Polish,train
czajkowski,Polish,train
grzeskiewicz,Polish,train
bukoski,Polish,train
sobol,Polish,train
sokolowski,Polish,train
szewc,Polish,train
walentowicz,Polish,train
wyrzyk,Polish,train
jedynak,Polish,train
szczepanski,Polish,train
pasternak,Polish,train
zielinski,Polish,train
szwarc,Polish,train
szwedko,Polish,train
bosko,Polish,train
adamczak,Polish,train
pakulski,Polish,train
filipowski,Polish,train
malinowski,Polish,train
lawniczak,Polish,train
poplawski,Polish,train
gomulka,Polish,train
zabek,Polish,train
kosmatka,Polish,train
wojew dzki,Polish,train
g rka,Polish,train
serafin,Polish,train
rudawski,Polish,train
piontek,Polish,train
 l zak,Polish,train
bartosz,Polish,train
warszawski,Polish,train
kami ski,Polish,train
stawski,Polish,train
sierzant,Polish,train
gwozdek,Polish,train
winogrodzki,Polish,train
chlebek,Polish,train
piatek,Polish,train
kozlow,Polish,train
wronski,Polish,train
zawisza,Polish,train
jordan,Polish,train
mikolajczak,Polish,train
auttenberg,Polish,train
dubanowski,Polish,train
dubicki,Polish,train
zientek,Polish,train
kava,Polish,train
zdunowski,Polish,train
bernard,Polish,train
janda,Polish,train
kumiega,Polish,train
rusnak,Polish,train
slaski,Polish,train
rutkowski,Polish,train
niemec,Polish,train
szweda,Polish,train
nosek,Polish,train
kasprzak,Polish,train
kedzierski,Polish,train
filipek,Polish,train
sienkiewicz,Polish,train
gajos,Polish,train
budny,Polish,train
kozlowski,Polish,train
sniegowski,Polish,train
skala,Polish,train
sokolofsky,Polish,train
mencher,Polish,train
 lusarski,Polish,train
s wka,Polish,train
bro ,Polish,train
pasternack,Polish,train
kr l,Polish,train
jaskolski,Polish,train
paszek,Polish,val
sokoloff,Polish,val
gniewek,Polish,val
wojew dka,Polish,val
gorecki,Polish,val
mozdzierz,Polish,val
 uraw,Polish,val
kaczka,Polish,val
gomolka,Polish,val
kowalski,Polish,val
sadowski,Polish,val
sokal,Polish,val
kaluza,Polish,val
andrysiak,Polish,val
marsza ek,Polish,val
 lusarczyk,Polish,val
smol k,Polish,val
krakowski,Polish,val
stolarz,Polish,test
bukowski,Polish,test
adamczyk,Polish,test
jaskulski,Polish,test
czajka,Polish,test
wojda,Polish,test
sitko,Polish,test
jez,Polish,test
janowski,Polish,test
fabian,Polish,test
g rski,Polish,test
koziol,Polish,test
lis,Polish,test
maslanka,Polish,test
klimek,Polish,test
jagoda,Polish,test
niemczyk,Polish,test
majewski,Polish,test
nunes,Portuguese,train
mata,Portuguese,train
pereira,Portuguese,train
santana,Portuguese,train
maria,Portuguese,train
santiago,Portuguese,train
barros,Portuguese,train
magalh es,Portuguese,train
castro,Portuguese,train
torres,Portuguese,train
cabral,Portuguese,train
ara jo,Portuguese,train
lobo,Portuguese,train
rom o,Portuguese,train
ramires,Portuguese,train
paredes,Portuguese,train
sim es,Portuguese,train
ferreira,Portuguese,train
garcia,Portuguese,train
campos,Portuguese,train
silveira,Portuguese,train
rosario,Portuguese,train
ferro,Portuguese,train
gouveia,Portuguese,train
de,Portuguese,train
gaspar,Portuguese,train
ribeiro,Portuguese,train
rocha,Portuguese,train
pinheiro,Portuguese,train
albuquerque,Portuguese,train
est ves,Portuguese,train
duarte,Portuguese,train
cruz,Portuguese,train
fernandes,Portuguese,train
madeira,Portuguese,train
mateus,Portuguese,train
santigo,Portuguese,train
salazar,Portuguese,train
almeida,Portuguese,val
coelho,Portuguese,val
araullo,Portuguese,val
medeiros,Portuguese,val
moreno,Portuguese,val
pinho,Portuguese,val
rios,Portuguese,val
henriques,Portuguese,val
crespo,Portuguese,test
d cruz,Portuguese,test
souza,Portuguese,test
cardozo,Portuguese,test
costa,Portuguese,test
freitas,Portuguese,test
machado,Portuguese,test
ferreiro,Portuguese,test
vargas,Portuguese,test
vyazov,Russian,train
beh,Russian,train
azhogin,Russian,train
diev,Russian,train
bazarhandaev,Russian,train
hatskevich,Russian,train
vanifatiev,Russian,train
zimonin,Russian,train
adamski,Russian,train
portnyakov,Russian,train
saksagansky,Russian,train
hamitsev,Russian,train
visnapu,Russian,train
chamov,Russian,train
abdulatipoff,Russian,train
vozianov,Russian,train
dikson,Russian,train
paragulgov,Russian,train
kalakin,Russian,train
vadbolski,Russian,train
lozhkin,Russian,train
dyakov,Russian,train
isakovsky,Russian,train
jakunichev,Russian,train
valikov,Russian,train
hait,Russian,train
anisemenok,Russian,train
zavorin,Russian,train
gaur,Russian,train
janshole,Russian,train
bakov,Russian,train
shirdov,Russian,train
pridybailo,Russian,train
tsarikaev,Russian,train
baitchoroff,Russian,train
zhevanov,Russian,train
batchmanov,Russian,train
jmuro,Russian,train
awgustoff,Russian,train
the,Russian,train
kabakchi,Russian,train
shakhmatov,Russian,train
otain,Russian,train
mihailichenko,Russian,train
gultyaev,Russian,train
agafonov,Russian,train
pontyushenko,Russian,train
zenzinov,Russian,train
yablonovsky,Russian,train
poyasnik,Russian,train
berezitsky,Russian,train
zingerman,Russian,train
guzner,Russian,train
yatskov,Russian,train
vagapoff,Russian,train
eroshenko,Russian,train
jekov,Russian,train
mahorin,Russian,train
fadzaev,Russian,train
ruhimovich,Russian,train
tsalko,Russian,train
balawensky,Russian,train
kalikhov,Russian,train
valentinov,Russian,train
baitov,Russian,train
vazhnichy,Russian,train
v yurkov,Russian,train
vaskov,Russian,train
awchinnikoff,Russian,train
chekh,Russian,train
lohvitsky,Russian,train
sakun,Russian,train
neslyuzov,Russian,train
tugushev,Russian,train
hairulin,Russian,train
zharkih,Russian,train
belinskij,Russian,train
jdakaev,Russian,train
jakunin,Russian,train
vinberg,Russian,train
jamlihanov,Russian,train
bahtiev,Russian,train
portsevsky,Russian,train
rogachev,Russian,train
ilyutenko,Russian,train
chepurin,Russian,train
jivlyuk,Russian,train
vyaltsin,Russian,train
nymmik,Russian,train
esmansky,Russian,train
grammatikov,Russian,train
sak,Russian,train
fedotko,Russian,train
mihalushkin,Russian,train
jigulsky,Russian,train
adamsky,Russian,train
pelmenev,Russian,train
abdildin,Russian,train
nugaibekov,Russian,train
parasyuk,Russian,train
vanechkin,Russian,train
gulyansky,Russian,train
schitsyn,Russian,train
ilyakhin,Russian,train
lihachev,Russian,train
shaidurov,Russian,train
dopiro,Russian,train
troekurov,Russian,train
bajanoff,Russian,train
turovsky,Russian,train
vaisberg,Russian,train
zhakmon,Russian,train
anisikhin,Russian,train
hachatur yan,Russian,train
zhirinovsky,Russian,train
vesich,Russian,train
shalavin,Russian,train
grosov,Russian,train
dutikov,Russian,train
muzykantsky,Russian,train
gachinsky,Russian,train
guzovatsker,Russian,train
rochev,Russian,train
belimov,Russian,train
shakhnazarov,Russian,train
tchekmezov,Russian,train
bilyarsky,Russian,train
gulenkov,Russian,train
nesis,Russian,train
haradurov,Russian,train
pribylovsky,Russian,train
egershtrom,Russian,train
bauze,Russian,train
vasyuchkov,Russian,train
gromyhalin,Russian,train
batsura,Russian,train
haladzhan,Russian,train
researcher,Russian,train
maharov,Russian,train
mordovtsev,Russian,train
maksimchik,Russian,train
avzalov,Russian,train
jelezko,Russian,train
piskorsky,Russian,train
fabr,Russian,train
billevich,Russian,train
first,Russian,train
denisov,Russian,train
tulnikov,Russian,train
bakshandaev,Russian,train
shaikhutdinov,Russian,train
holoshin,Russian,train
pochkailo,Russian,train
lepikhin,Russian,train
junusov,Russian,train
mogilyuk,Russian,train
ryjak,Russian,train
yakhno,Russian,train
govyadin,Russian,train
vinitsky,Russian,train
janochkin,Russian,train
timerbaev,Russian,train
desyatnikov,Russian,train
lyskin,Russian,train
avtomovich,Russian,train
tubinov,Russian,train
evdakov,Russian,train
ageichev,Russian,train
shamrun,Russian,train
munsky,Russian,train
nezhentsev,Russian,train
yanovitsky,Russian,train
yanov,Russian,train
nurmuhametov,Russian,train
kachanov,Russian,train
tsai,Russian,train
handirov,Russian,train
bekrenev,Russian,train
chepko,Russian,train
lohin,Russian,train
zhiltsov,Russian,train
bilalov,Russian,train
zhigulenkov,Russian,train
tulupov,Russian,train
abulkhanoff,Russian,train
mozharovsky,Russian,train
poshiklov,Russian,train
zhabin,Russian,train
gordov,Russian,train
lyskov,Russian,train
chuhman,Russian,train
zhimila,Russian,train
kaloshin,Russian,train
abidoff,Russian,train
vyborov,Russian,train
finkel,Russian,train
ponikarovsky,Russian,train
bezyazykov,Russian,train
zhirdetsky,Russian,train
zenilov,Russian,train
tolvinsky,Russian,train
sen,Russian,train
robustov,Russian,train
lysyakov,Russian,train
abolihin,Russian,train
avinov,Russian,train
noskin,Russian,train
babadjanoff,Russian,train
abolins,Russian,train
vilyunas,Russian,train
kabalin,Russian,train
vadbolsky,Russian,train
ustinchenko,Russian,train
otyaev,Russian,train
kalashnik,Russian,train
nurjanov,Russian,train
vasserman,Russian,train
dogadaev,Russian,train
zhidilev,Russian,train
gulidov,Russian,train
zharovtsev,Russian,train
nyamin,Russian,train
tikhomirnov,Russian,train
avtorkhanov,Russian,train
yakhontov,Russian,train
imendaev,Russian,train
avksentiev,Russian,train
rekunov,Russian,train
patsevich,Russian,train
moshkunov,Russian,train
rahlin,Russian,train
glezerman,Russian,train
fabrichnikov,Russian,train
birilev,Russian,train
to,Russian,train
dyo,Russian,train
honenev,Russian,train
katzenelenbaum,Russian,train
pawluk,Russian,train
tovstuha,Russian,train
abudihin,Russian,train
lysakov,Russian,train
zasluev,Russian,train
yuhman,Russian,train
zhukovets,Russian,train
ajiganoff,Russian,train
groholsky,Russian,train
demidovich,Russian,train
dobrotin,Russian,train
shelting,Russian,train
groisman,Russian,train
baisak,Russian,train
tromonin,Russian,train
chijov,Russian,train
tuleev,Russian,train
matsuev,Russian,train
eikhenbaum,Russian,train
zhitluhin,Russian,train
jerebin,Russian,train
haidurov,Russian,train
grankov,Russian,train
zherebin,Russian,train
judashkin,Russian,train
derkachenko,Russian,train
yukhman,Russian,train
awerkoff,Russian,train
tzalykhin,Russian,train
toidze,Russian,train
talberg,Russian,train
bakikhanov,Russian,train
hantimerov,Russian,train
dobrivsky,Russian,train
churyukin,Russian,train
lihodei,Russian,train
shirle,Russian,train
puschin,Russian,train
lyndin,Russian,train
balasanyan,Russian,train
danisevich,Russian,train
tselikovsky,Russian,train
bakunts,Russian,train
jidomirov,Russian,train
balakhowski,Russian,train
leibovich,Russian,train
yakushkin,Russian,train
raikin,Russian,train
chershintsev,Russian,train
nezamai,Russian,train
togunov,Russian,train
chukhnov,Russian,train
raihlin,Russian,train
mnatsakanov,Russian,train
bakirov,Russian,train
zastavsky,Russian,train
uemlyanin,Russian,train
biljo,Russian,train
dobrushin,Russian,train
martynenko,Russian,train
shamota,Russian,train
varakin,Russian,train
valovoi,Russian,train
talitskikh,Russian,train
dubrov,Russian,train
beloshapkin,Russian,train
badamshin,Russian,train
kalinovsky,Russian,train
lozinsky,Russian,train
mojarovsky,Russian,train
tokmakov,Russian,train
minovitsky,Russian,train
yudanov,Russian,train
tchehanov,Russian,train
nasakin,Russian,train
tolbuhin,Russian,train
movchan,Russian,train
bazunov,Russian,train
mihalchenko,Russian,train
loson,Russian,train
bakhusov,Russian,train
rotermel,Russian,train
lebedenko,Russian,train
chertkov,Russian,train
lezhankin,Russian,train
renkas,Russian,train
rakhlin,Russian,train
yablokov,Russian,train
hramtsov,Russian,train
teterev,Russian,train
yukhtman,Russian,train
gudovich,Russian,train
bauman,Russian,train
belous,Russian,train
lejebokov,Russian,train
turubanov,Russian,train
hairov,Russian,train
mochulov,Russian,train
tihonchuk,Russian,train
ataev,Russian,train
zenger,Russian,train
avramtchik,Russian,train
dubrovin,Russian,train
hudoleev,Russian,train
makhinya,Russian,train
vinyarsky,Russian,train
badikov,Russian,train
yaikbaev,Russian,train
katsuba,Russian,train
shenkovets,Russian,train
egof,Russian,train
gukovsky,Russian,train
lebedkin,Russian,train
jvirblis,Russian,train
kaberov,Russian,train
mlynnik,Russian,train
marchukov,Russian,train
bereznitzky,Russian,train
zhunin,Russian,train
abramtchuk,Russian,train
andryunin,Russian,train
yatsevich,Russian,train
katznelson,Russian,train
ilyunin,Russian,train
islyamov,Russian,train
pokhmel nyh,Russian,train
balabudkin,Russian,train
grigorchikov,Russian,train
javoronsky,Russian,train
mahovikov,Russian,train
chalov,Russian,train
babchenko,Russian,train
ageenko,Russian,train
bahtchivandzhi,Russian,train
vinchevsky,Russian,train
zhelaev,Russian,train
zelenev,Russian,train
janovsky,Russian,train
yakushkov,Russian,train
abrosov,Russian,train
tzehmistrenko,Russian,train
anofriev,Russian,train
schepin,Russian,train
uhov,Russian,train
lichkus,Russian,train
holmov,Russian,train
badyin,Russian,train
vertiev,Russian,train
djikovich,Russian,train
tulaikov,Russian,train
belorossov,Russian,train
tikhy,Russian,train
zheltov,Russian,train
valiakhmetov,Russian,train
gastfreind,Russian,train
avertchenko,Russian,train
lajintsev,Russian,train
obysov,Russian,train
grossgeim,Russian,train
kalitkin,Russian,train
mozhin,Russian,train
huranov,Russian,train
zhurbin,Russian,train
lihobabin,Russian,train
moshonkin,Russian,train
pochinsky,Russian,train
shaitan,Russian,train
nusinov,Russian,train
shirinkin,Russian,train
zhigulsky,Russian,train
darevsky,Russian,train
jdanovsky,Russian,train
ebralidze,Russian,train
teterichev,Russian,train
vitoshnov,Russian,train
nezhlukto,Russian,train
dobryshin,Russian,train
pirojkov,Russian,train
medved,Russian,train
sapojnikov,Russian,train
jovtyak,Russian,train
makhankov,Russian,train
beltsov,Russian,train
makhlinsky,Russian,train
halymbadzha,Russian,train
abulmambetoff,Russian,train
mahortov,Russian,train
dan shin,Russian,train
hudoinatov,Russian,train
abushenko,Russian,train
horoshkevich,Russian,train
kartushin,Russian,train
tchaly,Russian,train
usyskin,Russian,train
turatbekov,Russian,train
shelyakin,Russian,train
velichansky,Russian,train
makhmudov,Russian,train
abdulhabirov,Russian,train
natashkin,Russian,train
golovatsky,Russian,train
gujva,Russian,train
hijny,Russian,train
kalistratov,Russian,train
fomintsev,Russian,train
modestov,Russian,train
jaikbaev,Russian,train
dudurich,Russian,train
averochkin,Russian,train
yablovsky,Russian,train
mojaikin,Russian,train
almetov,Russian,train
first,Russian,train
jigalev,Russian,train
abalihin,Russian,train
agamoff,Russian,train
abarinov,Russian,train
durov,Russian,train
pliev,Russian,train
nahushev,Russian,train
ababko,Russian,train
yudahin,Russian,train
noskov,Russian,train
yankov,Russian,train
valdman,Russian,train
zhikin,Russian,train
ruzhentsov,Russian,train
eihfeld,Russian,train
drozdovsky,Russian,train
lewitckyj,Russian,train
galerkin,Russian,train
talalihin,Russian,train
bereznikov,Russian,train
darichev,Russian,train
vedyashkin,Russian,train
tubelsky,Russian,train
getmanov,Russian,train
vaipan,Russian,train
abanin,Russian,train
dzhevetsky,Russian,train
yudkovich,Russian,train
zhivkovich,Russian,train
likhobabin,Russian,train
rahmanin,Russian,train
tovkan,Russian,train
danilyak,Russian,train
martyuk,Russian,train
mischenkov,Russian,train
morozov,Russian,train
paraskun,Russian,train
ren kas,Russian,train
atamanov,Russian,train
bakihanoff,Russian,train
baram,Russian,train
abalakin,Russian,train
atamanyuk,Russian,train
first,Russian,train
pajinsky,Russian,train
halo,Russian,train
eretzky,Russian,train
marfin,Russian,train
pavlunovsky,Russian,train
zihanov,Russian,train
luriya,Russian,train
truhanovsky,Russian,train
bag,Russian,train
lokh,Russian,train
pokhlebkin,Russian,train
gribanov,Russian,train
eberg,Russian,train
chuhlov,Russian,train
troepolsky,Russian,train
bairashewski,Russian,train
dutov,Russian,train
morzhin,Russian,train
gudarenko,Russian,train
mokrov,Russian,train
bakhovkin,Russian,train
awranek,Russian,train
tsaran,Russian,train
pribytkov,Russian,train
bestuzhev,Russian,train
bakanov,Russian,train
eikhmans,Russian,train
rehbinder,Russian,train
liharev,Russian,train
altshtein,Russian,train
zhovtyak,Russian,train
tobiash,Russian,train
yagodnikov,Russian,train
hananaev,Russian,train
lutchenkov,Russian,train
grosshopf,Russian,train
zhandr,Russian,train
marievsky,Russian,train
makyshev,Russian,train
agaponov,Russian,train
zeleny,Russian,train
bazowsky,Russian,train
anorin,Russian,train
avanesov,Russian,train
harharov,Russian,train
abelman,Russian,train
dan ko,Russian,train
barandych,Russian,train
agrenev,Russian,train
pepelyaev,Russian,train
gridnev,Russian,train
mikhailin,Russian,train
yudakhin,Russian,train
martsenkov,Russian,train
ufimkin,Russian,train
persov,Russian,train
tchapko,Russian,train
adlerov,Russian,train
veltistov,Russian,train
gaganov,Russian,train
dobryansky,Russian,train
lozhchenko,Russian,train
jakushev,Russian,train
bachinski,Russian,train
rogatko,Russian,train
jakimchuk,Russian,train
abbakumov,Russian,train
djangirli,Russian,train
ents,Russian,train
nesselrode,Russian,train
zhukov,Russian,train
pazhitnov,Russian,train
utyugov,Russian,train
hoteev,Russian,train
dubrouski,Russian,train
guldin,Russian,train
pyschev,Russian,train
vilkitsky,Russian,train
jandr,Russian,train
yanvarev,Russian,train
raizman,Russian,train
timiryazev,Russian,train
dozorny,Russian,train
gasyukov,Russian,train
rainbagin,Russian,train
vyazovoy,Russian,train
yuhotsky,Russian,train
bagalin,Russian,train
mindibekov,Russian,train
chehluev,Russian,train
hanifatullin,Russian,train
shahno,Russian,train
zobov,Russian,train
fotiadi,Russian,train
movchun,Russian,train
behtenev,Russian,train
djanashiya,Russian,train
the,Russian,train
yuschenko,Russian,train
es kov,Russian,train
awerintsev,Russian,train
holstov,Russian,train
jivulin,Russian,train
bak,Russian,train
paduchev,Russian,train
kachemaev,Russian,train
yagudin,Russian,train
vyazalov,Russian,train
abramson,Russian,train
ageitchik,Russian,train
zolotar,Russian,train
zhidomirov,Russian,train
shadhan,Russian,train
pirojenko,Russian,train
zhigailo,Russian,train
gordon,Russian,train
bazhinov,Russian,train
vilde,Russian,train
timonkin,Russian,train
eihe,Russian,train
babakulov,Russian,train
pochevalov,Russian,train
musaev,Russian,train
belokhin,Russian,train
lysak,Russian,train
v yuhin,Russian,train
bekhteev,Russian,train
juhvidov,Russian,train
balashov,Russian,train
valetov,Russian,train
vaganov,Russian,train
ponomarenko,Russian,train
lezhnev,Russian,train
hamikoev,Russian,train
vitryansky,Russian,train
vavrovsky,Russian,train
volsky,Russian,train
eihengolts,Russian,train
bakhorin,Russian,train
danyarov,Russian,train
chizhikov,Russian,train
gessen,Russian,train
vertogradov,Russian,train
vlasenkov,Russian,train
adulov,Russian,train
aparin,Russian,train
jankilevsky,Russian,train
isaakidis,Russian,train
batunov,Russian,train
jujlev,Russian,train
lezhebokov,Russian,train
dzharimov,Russian,train
shakhnazaryants,Russian,train
onufrienko,Russian,train
morozovsky,Russian,train
glavinsky,Russian,train
leihtenbergsky,Russian,train
tzarakov,Russian,train
li,Russian,train
novosiltsev,Russian,train
chepik,Russian,train
kaufman,Russian,train
bektimirov,Russian,train
shahrai,Russian,train
zherdev,Russian,train
belogrud,Russian,train
balanev,Russian,train
ens,Russian,train
hlevniuk,Russian,train
abdulbasiroff,Russian,train
yakobson,Russian,train
tugarov,Russian,train
velikorechin,Russian,train
tomashenko,Russian,train
glaznev,Russian,train
guzenkov,Russian,train
bazulev,Russian,train
pavlychev,Russian,train
mikhaltsov,Russian,train
talitskih,Russian,train
huziyatov,Russian,train
haziahmetov,Russian,train
zelenoi,Russian,train
zhurov,Russian,train
vazhov,Russian,train
jupikov,Russian,train
ebsvort,Russian,train
nudatov,Russian,train
zhavrid,Russian,train
baukin,Russian,train
pypin,Russian,train
lebzak,Russian,train
juhimuk,Russian,train
zhaboev,Russian,train
agnivtsev,Russian,train
abrashitov,Russian,train
rotin,Russian,train
basygysov,Russian,train
shahtmeister,Russian,train
adomaitis,Russian,train
eganyan,Russian,train
granatkin,Russian,train
the,Russian,train
tumin,Russian,train
zhilov,Russian,train
mihailitsyn,Russian,train
ruhlyada,Russian,train
agudoff,Russian,train
mujdabaev,Russian,train
mlechin,Russian,train
dojin,Russian,train
rishitnik,Russian,train
tchekmarev,Russian,train
jakubovich,Russian,train
andryukov,Russian,train
galev,Russian,train
martyanov,Russian,train
vyshnegradsky,Russian,train
moshcovitsh,Russian,train
demichev,Russian,train
awdyunin,Russian,train
jerzdev,Russian,train
harmansky,Russian,train
lapinus,Russian,train
vanitchev,Russian,train
vintergalter,Russian,train
jachmenkov,Russian,train
vakichev,Russian,train
leimon,Russian,train
zelenkin,Russian,train
renskov,Russian,train
agranowski,Russian,train
valihanov,Russian,train
vakulenko,Russian,train
jaruev,Russian,train
leikam,Russian,train
nezametdinov,Russian,train
andryuhin,Russian,train
nasetkin,Russian,train
dovjuk,Russian,train
bazikov,Russian,train
bakmeister,Russian,train
awerbukh,Russian,train
guzenko,Russian,train
tsys,Russian,train
nurkaev,Russian,train
nuriev,Russian,train
fiohin,Russian,train
makuha,Russian,train
jigailo,Russian,train
haraev,Russian,train
turchenko,Russian,train
talmud,Russian,train
jinov,Russian,train
janimov,Russian,train
zhdan,Russian,train
lileev,Russian,train
zheravin,Russian,train
agenosov,Russian,train
ajnikov,Russian,train
haldoyanidi,Russian,train
horujenko,Russian,train
jamlikhanov,Russian,train
jatzkovsky,Russian,train
zhivotovsky,Russian,train
gromyko,Russian,train
bezyuk,Russian,train
zholtovsky,Russian,train
yahin,Russian,train
aweritchkin,Russian,train
zheltouhov,Russian,train
jidenko,Russian,train
abelyan,Russian,train
belichenko,Russian,train
abrasimoff,Russian,train
bakihanov,Russian,train
agapov,Russian,train
jagodin,Russian,train
vadin,Russian,train
anutriev,Russian,train
dautov,Russian,train
jirinovsky,Russian,train
entov,Russian,train
yakimov,Russian,train
livshitz,Russian,train
esaulov,Russian,train
fabrikant,Russian,train
gortikov,Russian,train
zhekulin,Russian,train
vasindin,Russian,train
ryjikov,Russian,train
matsigura,Russian,train
bagler,Russian,train
zherebovich,Russian,train
katzari,Russian,train
mahonov,Russian,train
lebin,Russian,train
hudik,Russian,train
lupandin,Russian,train
bahurin,Russian,train
hamadullin,Russian,train
tsarkov,Russian,train
abulmambetov,Russian,train
adjalov,Russian,train
bajev,Russian,train
islanov,Russian,train
chikichev,Russian,train
zhelvakov,Russian,train
babayan,Russian,train
jikov,Russian,train
jimila,Russian,train
bakshtein,Russian,train
mahinya,Russian,train
jvachkin,Russian,train
zinyuhin,Russian,train
seredkin,Russian,train
durdin,Russian,train
tchanturia,Russian,train
tchajengin,Russian,train
pelevin,Russian,train
omelyansky,Russian,train
pitersky,Russian,train
yepishev,Russian,train
lodkin,Russian,train
riverov,Russian,train
avelan,Russian,train
gess,Russian,train
dijin,Russian,train
balamutenko,Russian,train
bahuta,Russian,train
vaindrakh,Russian,train
richman,Russian,train
zhluktov,Russian,train
adonts,Russian,train
tupikin,Russian,train
mursalimov,Russian,train
mikhalitsin,Russian,train
bilibin,Russian,train
jakov,Russian,train
granikov,Russian,train
dzhanashia,Russian,train
zhurikhin,Russian,train
gasilov,Russian,train
rott,Russian,train
vaniev,Russian,train
jejera,Russian,train
mihalkin,Russian,train
gorfunkel,Russian,train
azhinov,Russian,train
mollaev,Russian,train
dobrojanov,Russian,train
geftler,Russian,train
ilyuhin,Russian,train
rokhatsevich,Russian,train
atanasyan,Russian,train
zhukovin,Russian,train
bajenin,Russian,train
vyzhutovich,Russian,train
leibkin,Russian,train
huzangai,Russian,train
dubatolov,Russian,train
rakhmaninov,Russian,train
velio,Russian,train
zimin,Russian,train
glebovitsky,Russian,train
nakhamkin,Russian,train
babetov,Russian,train
likhovskikh,Russian,train
hunagov,Russian,train
bakai,Russian,train
nuruchev,Russian,train
bektabegov,Russian,train
first,Russian,train
tchekonov,Russian,train
birkin,Russian,train
emelianenkov,Russian,train
maryutin,Russian,train
moshenko,Russian,train
tujikov,Russian,train
alkov,Russian,train
kachalovsky,Russian,train
rutenburg,Russian,train
penzin,Russian,train
toichkin,Russian,train
jadkevich,Russian,train
veselov,Russian,train
babel,Russian,train
yamschikov,Russian,train
kalinka,Russian,train
djavahishvili,Russian,train
nastavin,Russian,train
tikhobrazov,Russian,train
mindlin,Russian,train
rivel,Russian,train
glazychev,Russian,train
shenagin,Russian,train
zhilyaev,Russian,train
avinovitski,Russian,train
birshtein,Russian,train
atazhahov,Russian,train
eizhvertin,Russian,train
nejentsev,Russian,train
vybornov,Russian,train
leibovsky,Russian,train
tulintsev,Russian,train
awrutin,Russian,train
maksimychev,Russian,train
jakovichenko,Russian,train
abuzoff,Russian,train
eroshin,Russian,train
halymbadja,Russian,train
bagroff,Russian,train
zhardetsky,Russian,train
marchanukov,Russian,train
lykosov,Russian,train
bahmetev,Russian,train
lohmatikov,Russian,train
gagulin,Russian,train
atyashkin,Russian,train
homaiko,Russian,train
kabashkin,Russian,train
ustilovsky,Russian,train
mokhov,Russian,train
getling,Russian,train
bein,Russian,train
muladjanov,Russian,train
martinenas,Russian,train
rjavin,Russian,train
awerochkin,Russian,train
djanaev,Russian,train
muzykantov,Russian,train
vingranovsky,Russian,train
baidavletoff,Russian,train
bagretsoff,Russian,train
abugov,Russian,train
bagandaliev,Russian,train
davydenkov,Russian,train
raich,Russian,train
teteruk,Russian,train
portyanik,Russian,train
sakiyaev,Russian,train
zhiryakov,Russian,train
enikolopov,Russian,train
vingilevsky,Russian,train
neverovsky,Russian,train
hardaev,Russian,train
bakhmutov,Russian,train
averbuch,Russian,train
haschev,Russian,train
zheludev,Russian,train
bazhenin,Russian,train
shalygin,Russian,train
egin,Russian,train
chartorijsky,Russian,train
tulov,Russian,train
vysotsky,Russian,train
vihnovich,Russian,train
gribachev,Russian,train
verbin,Russian,train
kabanov,Russian,train
likhosherstov,Russian,train
bachelis,Russian,train
agahanyan,Russian,train
onoshkin,Russian,train
balaguroff,Russian,train
mahin,Russian,train
agoshkoff,Russian,train
bekman,Russian,train
shaiahmetov,Russian,train
dogadov,Russian,train
vedyaskin,Russian,train
ader,Russian,train
imamaliev,Russian,train
galli,Russian,train
mihin,Russian,train
tzakunov,Russian,train
bakaleinik,Russian,train
utyashev,Russian,train
darchiev,Russian,train
didrikil,Russian,train
lupenkov,Russian,train
abramenkov,Russian,train
remikh,Russian,train
tzarev,Russian,train
vilchur,Russian,train
yakimchik,Russian,train
vindman,Russian,train
adarchenko,Russian,train
bawarin,Russian,train
yagodin,Russian,train
antyushin,Russian,train
lukha,Russian,train
handzhyan,Russian,train
bachaev,Russian,train
shirmanov,Russian,train
shamaro,Russian,train
jatsevich,Russian,train
zasetsky,Russian,train
hadarin,Russian,train
vygran,Russian,train
bakaleiko,Russian,train
iskandaryan,Russian,train
altshuller,Russian,train
matskovsky,Russian,train
jelyabovsky,Russian,train
tsahilov,Russian,train
jekulin,Russian,train
jarkih,Russian,train
baitalsky,Russian,train
zavodov,Russian,train
harik,Russian,train
zheglov,Russian,train
abrahimov,Russian,train
zimitsky,Russian,train
yanenko,Russian,train
velikopolsky,Russian,train
chekmarev,Russian,train
alytsky,Russian,train
shahmametiev,Russian,train
eventov,Russian,train
potseluev,Russian,train
djeladze,Russian,train
bakhturin,Russian,train
bavidoff,Russian,train
haesh,Russian,train
viranovsky,Russian,train
eihenbaum,Russian,train
badaev,Russian,train
tsval,Russian,train
ekimov,Russian,train
utyaganov,Russian,train
adelung,Russian,train
djunusov,Russian,train
baulin,Russian,train
valkin,Russian,train
pelyushenko,Russian,train
dankov,Russian,train
baiseitov,Russian,train
hainadsky,Russian,train
golomolzin,Russian,train
dzhuromsky,Russian,train
tchamov,Russian,train
mikhailutsa,Russian,train
mikhailyuk,Russian,train
jidilin,Russian,train
dobrenkov,Russian,train
pendik,Russian,train
jagubsky,Russian,train
abdulgaziev,Russian,train
tzeiner,Russian,train
rohlin,Russian,train
marhinin,Russian,train
awalishwili,Russian,train
judinsky,Russian,train
baisarov,Russian,train
vygovsky,Russian,train
chkhikvadze,Russian,train
vaginoff,Russian,train
gudzenko,Russian,train
chepelyanov,Russian,train
holodnyh,Russian,train
bajaev,Russian,train
gayazov,Russian,train
valdenberg,Russian,train
vorotnikov,Russian,train
bazovsky,Russian,train
badylkin,Russian,train
yuzefov,Russian,train
rogatkin,Russian,train
gagarinov,Russian,train
yaimov,Russian,train
jelaev,Russian,train
darjaev,Russian,train
adabash,Russian,train
bekleshev,Russian,train
yakir,Russian,train
abrajevich,Russian,train
beilin,Russian,train
kalamanov,Russian,train
rzhavinsky,Russian,train
jarmuhamedov,Russian,train
pieha,Russian,train
shalyapin,Russian,train
maksinev,Russian,train
pytel,Russian,train
havronin,Russian,train
zhivoluk,Russian,train
agamirzyan,Russian,train
miheenkov,Russian,train
mihalev,Russian,train
isagaliev,Russian,train
bachmanoff,Russian,train
tobolin,Russian,train
prigozhin,Russian,train
jurbin,Russian,train
tuganov,Russian,train
vistitsky,Russian,train
jigun,Russian,train
kalimulin,Russian,train
vainshtok,Russian,train
baichikov,Russian,train
zhidkih,Russian,train
badridze,Russian,train
tchangli,Russian,train
vabbe,Russian,train
bahmutov,Russian,train
harakhinov,Russian,train
zhupanenko,Russian,train
churuksaev,Russian,train
finkelson,Russian,train
loskov,Russian,train
jukovich,Russian,train
hagurov,Russian,train
gridchin,Russian,train
govorov,Russian,train
nyrtsev,Russian,train
harkovsky,Russian,train
eidman,Russian,train
avtsyn,Russian,train
bagaryakoff,Russian,train
valendik,Russian,train
mihel,Russian,train
tzelikov,Russian,train
poogelman,Russian,train
kabjihov,Russian,train
awatyan,Russian,train
batchuk,Russian,train
judasin,Russian,train
frunze,Russian,train
rakhmail,Russian,train
zabrovsky,Russian,train
talalaev,Russian,train
valiahmetov,Russian,train
jmelkov,Russian,train
tzederbaum,Russian,train
bestujev ryumin,Russian,train
pismichenko,Russian,train
hankeev,Russian,train
kaletin,Russian,train
adigamoff,Russian,train
cheptygmashev,Russian,train
chuhonkin,Russian,train
tukabaev,Russian,train
horkin,Russian,train
anoprienko,Russian,train
jeludev,Russian,train
mordinov,Russian,train
tubolkin,Russian,train
hismatullin,Russian,train
jidkikh,Russian,train
abramtchikoff,Russian,train
shirmankin,Russian,train
zhukovsky,Russian,train
veltman,Russian,train
loitzyansky,Russian,train
hilchevsky,Russian,train
the,Russian,train
baksaraev,Russian,train
vygodovsky,Russian,train
zhilenko,Russian,train
kalandinsky,Russian,train
raifikesht,Russian,train
rosenbloom,Russian,train
billert,Russian,train
agabekov,Russian,train
gorbachev,Russian,train
chehlakovsky,Russian,train
leonenko,Russian,train
jagalin,Russian,train
baikoff,Russian,train
dobryshev,Russian,train
bakholdin,Russian,train
polivanov,Russian,train
abaziev,Russian,train
awinoff,Russian,train
golovaty,Russian,train
katzuba,Russian,train
vassoevich,Russian,train
shalimo,Russian,train
vertegel,Russian,train
pribylsky,Russian,train
rahil,Russian,train
shakhnovich,Russian,train
baglanoff,Russian,train
alperovich,Russian,train
page,Russian,train
priimkov,Russian,train
agakov,Russian,train
potseiko,Russian,train
horoshev,Russian,train
beloschin,Russian,train
valyushkin,Russian,train
chuho,Russian,train
mikhalushkin,Russian,train
lihtin,Russian,train
bekhmetiev,Russian,train
abzyaparov,Russian,train
holmogortsev,Russian,train
hamidullin,Russian,train
kartajev,Russian,train
gerasimovsky,Russian,train
ruslanov,Russian,train
kartoziya,Russian,train
chukhlomin,Russian,train
mogilny,Russian,train
chabanov,Russian,train
tovbin,Russian,train
turtsevich,Russian,train
grib,Russian,train
bekyashev,Russian,train
varaev,Russian,train
sheluntsov,Russian,train
islakaev,Russian,train
zogalev,Russian,train
mihalevich,Russian,train
jebrovsky,Russian,train
shirnin,Russian,train
dobrovsky,Russian,train
likhanov,Russian,train
zasko,Russian,train
zhadaev,Russian,train
vinter,Russian,train
iskoz,Russian,train
rutberg,Russian,train
bakshtanowski,Russian,train
filippenkov,Russian,train
bah,Russian,train
durnovtsev,Russian,train
yanushevsky,Russian,train
vakulich,Russian,train
pytsky,Russian,train
ponidelko,Russian,train
evstifeev,Russian,train
gribin,Russian,train
eliasberg,Russian,train
tzelibeev,Russian,train
bestujev lada,Russian,train
parensov,Russian,train
bibin,Russian,train
babeshkin,Russian,train
jivotinsky,Russian,train
baburin,Russian,train
jagofarov,Russian,train
desyatskov,Russian,train
abov,Russian,train
lepikhov,Russian,train
baranetsky,Russian,train
tsaizer,Russian,train
jirov,Russian,train
belchenkov,Russian,train
lebedyansky,Russian,train
babuh,Russian,train
the,Russian,train
awtsin,Russian,train
rahmetov,Russian,train
pazi,Russian,train
durdyev,Russian,train
adamovich,Russian,train
dudochkin,Russian,train
pechagin,Russian,train
frukalov,Russian,train
matziev,Russian,train
mikhailichenko,Russian,train
tchekmenev,Russian,train
babutsky,Russian,train
tsalikov,Russian,train
shamaev,Russian,train
awchenko,Russian,train
munaev,Russian,train
agliullin,Russian,train
jiganov,Russian,train
nezavitin,Russian,train
hudilainen,Russian,train
shalko,Russian,train
agapeev,Russian,train
nijegorodov,Russian,train
belostotsky,Russian,train
yandiev,Russian,train
tunev,Russian,train
vysokin,Russian,train
belogolovkin,Russian,train
alianov,Russian,train
hlystun,Russian,train
harkovchuk,Russian,train
halaev,Russian,train
sepelev,Russian,train
gasanov,Russian,train
beloshapkov,Russian,train
schepotyev,Russian,train
pitukhin,Russian,train
uzbekov,Russian,train
rutman,Russian,train
onkov,Russian,train
tchehonin,Russian,train
valchuk,Russian,train
bazil,Russian,train
yudasin,Russian,train
pavlushin,Russian,train
alhimenko,Russian,train
rempel,Russian,train
eilenkrig,Russian,train
nesvetaev,Russian,train
jabykin,Russian,train
porosenkov,Russian,train
juhimenko,Russian,train
vaskovtsev,Russian,train
jakir,Russian,train
guldreih,Russian,train
moschenko,Russian,train
haryuchi,Russian,train
birnbaum,Russian,train
desyatnichenko,Russian,train
vipper,Russian,train
gramenitsky,Russian,train
prokoshin,Russian,train
morev,Russian,train
davletshin,Russian,train
vanshtein,Russian,train
gladchenko,Russian,train
zhigin,Russian,train
babashov,Russian,train
haritonov,Russian,train
bagretsov,Russian,train
jemchujnikov,Russian,train
yankovsky,Russian,train
bahovtsev,Russian,train
atiskov,Russian,train
avalyan,Russian,train
fingrut,Russian,train
murtazin,Russian,train
zhitlukhin,Russian,train
gudvan,Russian,train
piterskikh,Russian,train
ryjev,Russian,train
jilyakov,Russian,train
chizhevsky,Russian,train
ekin,Russian,train
jikharevitch,Russian,train
tzeboev,Russian,train
badyagin,Russian,train
nakhodkin,Russian,train
prygoda,Russian,train
murtazaliev,Russian,train
zhvirblis,Russian,train
agureev,Russian,train
adyrkhaev,Russian,train
charnetsky,Russian,train
hagondokov,Russian,train
abisaloff,Russian,train
elapov,Russian,train
vikhorev,Russian,train
portugalsky,Russian,train
jatzyk,Russian,train
djigit,Russian,train
zhelehovsky,Russian,train
gatsunaev,Russian,train
zasukhin,Russian,train
aglinskas,Russian,train
valishin,Russian,train
yanalov,Russian,train
mujitskih,Russian,train
hegai,Russian,train
batsevich,Russian,train
bazyuta,Russian,train
ruzhnikov,Russian,train
bagmut,Russian,train
anikushin,Russian,train
djigarhanyan,Russian,train
chagin,Russian,train
versan,Russian,train
tokar,Russian,train
schepiorko,Russian,train
darakov,Russian,train
shelyag,Russian,train
guk,Russian,train
chekhoev,Russian,train
zhilkin,Russian,train
marusev,Russian,train
maksimovsky,Russian,train
dobroklonsky,Russian,train
agadjanov,Russian,train
dozmorov,Russian,train
zhigalev,Russian,train
rivman,Russian,train
pirozhkov,Russian,train
jakimychev,Russian,train
kachkaev,Russian,train
awraamoff,Russian,train
vainshtein,Russian,train
bestemyanov,Russian,train
yudolovich,Russian,train
shalimov,Russian,train
omarov,Russian,train
yambaev,Russian,train
ladyzhensky,Russian,train
gul,Russian,train
abalmasov,Russian,train
tchanyshev,Russian,train
shalabanov,Russian,train
mikhailovich,Russian,train
yakuschenko,Russian,train
zhongolovich,Russian,train
otletov,Russian,train
gorskin,Russian,train
juhotsky,Russian,train
absalyamov,Russian,train
balakshin,Russian,train
abylgaziev,Russian,train
bagishvili,Russian,train
abdank kossovsky,Russian,train
minnikhanov,Russian,train
turta,Russian,train
mokhnatkin,Russian,train
hapov,Russian,train
hlestov,Russian,train
vyalov,Russian,train
adamyan,Russian,train
luppov,Russian,train
marholenko,Russian,train
valmus,Russian,train
babinov,Russian,train
jagodnikov,Russian,train
hurinov,Russian,train
tzenin,Russian,train
imanov,Russian,train
handjaevsky,Russian,train
bagmet,Russian,train
lohtin,Russian,train
abrosimov,Russian,train
yudochkin,Russian,train
zimny,Russian,train
bahrushin,Russian,train
hlopkov,Russian,train
halyavin,Russian,train
senyavin,Russian,train
derjavets,Russian,train
jemukhov,Russian,train
maryushkin,Russian,train
azhiganov,Russian,train
esionov,Russian,train
abdulin,Russian,train
halatnikov,Russian,train
akimov,Russian,train
durylin,Russian,train
gulentsov,Russian,train
avhimovitch,Russian,train
gorchakovsky,Russian,train
gladun,Russian,train
minchev,Russian,train
lapidus,Russian,train
tamarchenko,Russian,train
piskarenkov,Russian,train
homusko,Russian,train
jijin,Russian,train
asylmuratov,Russian,train
tokarev,Russian,train
kachin,Russian,train
vaksberg,Russian,train
dogujiev,Russian,train
martynovsky,Russian,train
grosfeld,Russian,train
agoev,Russian,train
endzelin,Russian,train
kacharov,Russian,train
chajengin,Russian,train
lichman,Russian,train
hijnyakov,Russian,train
azhnikov,Russian,train
rikhter,Russian,train
galdin,Russian,train
granov,Russian,train
grossman,Russian,train
timashov,Russian,train
faen,Russian,train
kalinnikov,Russian,train
hasanov,Russian,train
abuladze,Russian,train
duben,Russian,train
rakhmetov,Russian,train
ponomarkov,Russian,train
kabisha,Russian,train
davletkildeev,Russian,train
granin,Russian,train
avalishvili,Russian,train
moshkov,Russian,train
jan,Russian,train
lupehin,Russian,train
yatsenko,Russian,train
bakhmetoff,Russian,train
yakunichev,Russian,train
ennikeev,Russian,train
himenko,Russian,train
ryjih,Russian,train
babusenko,Russian,train
jiltsov,Russian,train
jikin,Russian,train
batuev,Russian,train
yagutyan,Russian,train
minnihanov,Russian,train
gorbach,Russian,train
vesnovsky,Russian,train
zaskanov,Russian,train
pazyun,Russian,train
baitoff,Russian,train
pirzadyan,Russian,train
vajenin,Russian,train
uzhvak,Russian,train
minyaichev,Russian,train
molyakov,Russian,train
agafonoff,Russian,train
dubko,Russian,train
chuhlomin,Russian,train
jakunchikov,Russian,train
pohojaev,Russian,train
saigin,Russian,train
jaimov,Russian,train
jivov,Russian,train
dublyansky,Russian,train
gudenok,Russian,train
yachikov,Russian,train
nasibullin,Russian,train
tur,Russian,train
shambazov,Russian,train
lihodeev,Russian,train
fionin,Russian,train
haliulin,Russian,train
doino,Russian,train
bakhchivandzhi,Russian,train
mindeli,Russian,train
darkov,Russian,train
badmaev,Russian,train
pohodun,Russian,train
vajorov,Russian,train
averotchkin,Russian,train
darsigov,Russian,train
onuchin,Russian,train
abdurakhmanoff,Russian,train
pehotin,Russian,train
grotus,Russian,train
tomashuk,Russian,train
moh,Russian,train
jakhno,Russian,train
astrov,Russian,train
shaidarov,Russian,train
chepurnoy,Russian,train
halipov,Russian,train
abuhov,Russian,train
horoshavin,Russian,train
belikovich,Russian,train
trukhnin,Russian,train
zhegunov,Russian,train
getta,Russian,train
zhinov,Russian,train
mokrinsky,Russian,train
yuzvikov,Russian,train
truchanow,Russian,train
vypolzov,Russian,train
pendyurin,Russian,train
zhuravov,Russian,train
vilke,Russian,train
dodin,Russian,train
grokhov,Russian,train
gauk,Russian,train
hanjonkov,Russian,train
mihalkov,Russian,train
nezvigin,Russian,train
kabaev,Russian,train
kartaev,Russian,train
pechkovsky,Russian,train
emohonov,Russian,train
vyshinsky,Russian,train
makhortov,Russian,train
shenk,Russian,train
elachich,Russian,train
rempler,Russian,train
azhiganoff,Russian,train
lezhikov,Russian,train
jidilev,Russian,train
antropov,Russian,train
nessler,Russian,train
mikhno,Russian,train
mrevlishvili,Russian,train
agababyan,Russian,train
anekshtein,Russian,train
albitsky,Russian,train
ukhovsky,Russian,train
mihalchev,Russian,train
harash,Russian,train
tzelovalnov,Russian,train
mingazetdinov,Russian,train
enshin,Russian,train
bakhmetiev,Russian,train
turintsev,Russian,train
isaichikov,Russian,train
deribo,Russian,train
tchekhoev,Russian,train
darminov,Russian,train
zhizhchenko,Russian,train
omelyuk,Russian,train
vilchek,Russian,train
balanowsky,Russian,train
yamaltdinov,Russian,train
andruhovich,Russian,train
mliss,Russian,train
tchekin,Russian,train
lojchenko,Russian,train
chalovsky,Russian,train
bagaev,Russian,train
abdrazakoff,Russian,train
avinovitsky,Russian,train
kartvelin,Russian,train
shahnovich,Russian,train
gudima,Russian,train
balabas,Russian,train
judovich,Russian,train
nejdanov,Russian,train
halyapin,Russian,train
deryagin,Russian,train
abakshin,Russian,train
ryjko,Russian,train
chaly,Russian,train
talbaev,Russian,train
vedischev,Russian,train
mikheenkov,Russian,train
babosov,Russian,train
porhun,Russian,train
uchitel,Russian,train
jilkin,Russian,train
martynov,Russian,train
turmov,Russian,train
nosach,Russian,train
pentin,Russian,train
gudojnik,Russian,train
kachainik,Russian,train
zharkov,Russian,train
bakh,Russian,train
pohilko,Russian,train
luhvich,Russian,train
researcher,Russian,train
basyuk,Russian,train
chepurov,Russian,train
hlupin,Russian,train
abukhov,Russian,train
mokrushev,Russian,train
yakutin,Russian,train
andrushkevich,Russian,train
tchekhlakovsky,Russian,train
ustinkin,Russian,train
shakhovskoi,Russian,train
tchekmasov,Russian,train
likhodei,Russian,train
davlyatov,Russian,train
eidelman,Russian,train
zolkin,Russian,train
baban,Russian,train
pochitalin,Russian,train
pitomets,Russian,train
filipovsky,Russian,train
baidjanov,Russian,train
jerdev,Russian,train
ribakov,Russian,train
page,Russian,train
paradiz,Russian,train
kalinsky,Russian,train
shening,Russian,train
astrahankin,Russian,train
kalinko,Russian,val
kartomyshev,Russian,val
tumilovich,Russian,val
zhernakov,Russian,val
gulamov,Russian,val
zhimailov,Russian,val
baibakov,Russian,val
eidelstein,Russian,val
grigoriev,Russian,val
isaenko,Russian,val
turno,Russian,val
zhiharevitch,Russian,val
plis,Russian,val
loder,Russian,val
bibichev,Russian,val
talkov,Russian,val
jangarber,Russian,val
talpin,Russian,val
hairullov,Russian,val
abrarov,Russian,val
abolikhin,Russian,val
abrasimov,Russian,val
zherebko,Russian,val
muzychenko,Russian,val
batchish,Russian,val
velikih,Russian,val
gladysh,Russian,val
noschenko,Russian,val
turkin,Russian,val
loskutov,Russian,val
mahlinsky,Russian,val
djakson,Russian,val
jebo,Russian,val
jitluhin,Russian,val
martzevich,Russian,val
taltskov,Russian,val
vihert,Russian,val
golotyuk,Russian,val
vainrub,Russian,val
abudikhin,Russian,val
marshak,Russian,val
badersky,Russian,val
sakson,Russian,val
haskin,Russian,val
jornyak,Russian,val
getsen,Russian,val
mihalchuk,Russian,val
habibulaev,Russian,val
yangarber,Russian,val
muzychka,Russian,val
porkhun,Russian,val
movsumadze,Russian,val
zhalnin,Russian,val
podsvirov,Russian,val
yablonsky,Russian,val
jeleznikov,Russian,val
tchaleev,Russian,val
obolensky,Russian,val
virichev,Russian,val
yagubsky,Russian,val
peltsman,Russian,val
otyutsky,Russian,val
visilkin,Russian,val
gest,Russian,val
grushka,Russian,val
vanyashin,Russian,val
nyashin,Russian,val
awdoshin,Russian,val
tzeluiko,Russian,val
baturov,Russian,val
datsenko,Russian,val
savinov,Russian,val
pazuhin,Russian,val
tseiner,Russian,val
dogadin,Russian,val
gau,Russian,val
momdjyan,Russian,val
levish,Russian,val
fedchenko,Russian,val
haritonenko,Russian,val
likin,Russian,val
dasaev,Russian,val
baboshin,Russian,val
nevitsky,Russian,val
marutenkov,Russian,val
to,Russian,val
liverovsky,Russian,val
lutovinov,Russian,val
danich,Russian,val
zhamsuev,Russian,val
balabanov,Russian,val
yakhimovich,Russian,val
mokritsky,Russian,val
nastoyaschy,Russian,val
mikhaltsev,Russian,val
astsaturov,Russian,val
abdrakhimov,Russian,val
abdrashitov,Russian,val
yanover,Russian,val
pahalchuk,Russian,val
muijel,Russian,val
teterin,Russian,val
lapakov,Russian,val
mokronosov,Russian,val
marshalko,Russian,val
zhirnikov,Russian,val
jiril,Russian,val
turulo,Russian,val
abzgildin,Russian,val
davidenko,Russian,val
yatzyk,Russian,val
jakovenko,Russian,val
zhigun,Russian,val
mikhilev,Russian,val
timaev,Russian,val
renkevich,Russian,val
voznesensky,Russian,val
tuboltsev,Russian,val
rokhin,Russian,val
lodochnikov,Russian,val
adamyants,Russian,val
patsiorkovsky,Russian,val
demirhanov,Russian,val
janbarisov,Russian,val
yufryakov,Russian,val
mochanov,Russian,val
halkiopov,Russian,val
divaev,Russian,val
avtokratov,Russian,val
vakulsky,Russian,val
tcharukhin,Russian,val
eretsky,Russian,val
haryukov,Russian,val
rekshinsky,Russian,val
golosnenko,Russian,val
eig,Russian,val
tcheh,Russian,val
polivka,Russian,val
jahno,Russian,val
janovich,Russian,val
harlov,Russian,val
shamshurov,Russian,val
abyzgiddin,Russian,val
natalushko,Russian,val
jahaev,Russian,val
remezentsev,Russian,val
zhitinkin,Russian,val
zhelezovsky,Russian,val
ruzsky,Russian,val
adelhanov,Russian,val
chikanov,Russian,val
turischev,Russian,val
zhurko,Russian,val
gagin,Russian,val
himonenko,Russian,val
adamenko,Russian,val
valtchikovski,Russian,val
tomeev,Russian,val
heveshi,Russian,val
adelfinsky,Russian,val
zhirkevich,Russian,val
tselovalnikov,Russian,val
hanzhin,Russian,val
zhilenkov,Russian,val
yanaki,Russian,val
ryjkin,Russian,val
bautin,Russian,val
mihelson,Russian,val
mujikov,Russian,val
elanchik,Russian,val
polibin,Russian,val
gets,Russian,val
janjul,Russian,val
humaryan,Russian,val
forsh,Russian,val
deribas,Russian,val
toien,Russian,val
vasyaev,Russian,val
onusaitis,Russian,val
zhizhnov,Russian,val
zozrov,Russian,val
cherchen,Russian,val
harlashenkov,Russian,val
babaev,Russian,val
kalachov,Russian,val
shakhnovsky,Russian,val
gafarov,Russian,val
maryanovsky,Russian,val
nasrutdinov,Russian,val
yafrakov,Russian,val
ville,Russian,val
saikov,Russian,val
lykoshin,Russian,val
kalatin,Russian,val
gulyaschih,Russian,val
bazovski,Russian,val
chihanchin,Russian,val
huroshvili,Russian,val
atabekyan,Russian,val
abubekeroff,Russian,val
vakulko,Russian,val
abdulbasirov,Russian,val
dovgusha,Russian,val
gulevsky,Russian,val
imnadze,Russian,val
muzykin,Russian,val
zhiganov,Russian,val
tikhin,Russian,val
tchekhluev,Russian,val
lutov,Russian,val
durnev,Russian,val
jijnov,Russian,val
hurtsilava,Russian,val
hakhulin,Russian,val
first,Russian,val
yakubov,Russian,val
mozhaikin,Russian,val
babienko,Russian,val
gataullin,Russian,val
zhegin,Russian,val
gorskov,Russian,val
jokin,Russian,val
fazylzyanov,Russian,val
bagmewski,Russian,val
bezumov,Russian,val
pyhov,Russian,val
emyshev,Russian,val
tugujekov,Russian,val
schetinkin,Russian,val
hurdey,Russian,val
vilkovsky,Russian,val
tsakh,Russian,val
gudovsky,Russian,val
uzhentsev,Russian,val
pahmutov,Russian,val
gorski,Russian,val
pribylov,Russian,val
chikviladze,Russian,val
obuh,Russian,val
gribanovsky,Russian,val
chanchikov,Russian,val
yablontsev,Russian,val
vyaltsev,Russian,val
august,Russian,val
roganov,Russian,val
bazhenov,Russian,val
adoduroff,Russian,val
bahtchivandji,Russian,val
ilyushin,Russian,val
lody,Russian,val
makharov,Russian,val
agapotchkin,Russian,val
schepansky,Russian,val
valentsev,Russian,val
chukhnovsky,Russian,val
adolf,Russian,val
eikhenvald,Russian,val
vilgelminin,Russian,val
tovuu,Russian,val
pohilchuk,Russian,val
pelih,Russian,val
zhdankin,Russian,val
talanov,Russian,val
kalambetov,Russian,val
ablaev,Russian,val
amelyakin,Russian,val
zinchenko,Russian,val
tulub,Russian,val
danichkin,Russian,val
avsenev,Russian,val
vyglovsky,Russian,val
yanshin,Russian,val
yamaletdinov,Russian,val
shalmanov,Russian,val
zhohov,Russian,val
adzhalov,Russian,val
jevlakov,Russian,val
jabin,Russian,val
mndoyants,Russian,val
batchurin,Russian,val
shamarin,Russian,val
jinkin,Russian,val
rakhletzky,Russian,val
lihomanov,Russian,val
enchev,Russian,val
awrorin,Russian,val
juravlenko,Russian,val
lodyjensky,Russian,val
zhohin,Russian,val
holomeev,Russian,val
haikin,Russian,val
privorotsky,Russian,val
zhiznevsky,Russian,val
awakoff,Russian,val
natochin,Russian,val
jalamov,Russian,val
nahamkin,Russian,val
abramoff,Russian,val
molochnikov,Russian,val
nasibullaev,Russian,val
yakuba,Russian,val
belorusov,Russian,val
yuzvyuk,Russian,val
shaikov,Russian,val
awtukhoff,Russian,val
baitchikov,Russian,val
zhelnin,Russian,val
pituhin,Russian,val
livenzon,Russian,val
belotserkovets,Russian,val
juravkov,Russian,val
rahmail,Russian,val
levit,Russian,val
anikin,Russian,val
senyakovich,Russian,val
dogmarov,Russian,val
iskakov,Russian,val
tselikov,Russian,val
bagryanski,Russian,val
chertkovsky,Russian,val
lupichev,Russian,val
biryukov,Russian,val
bakunoff,Russian,val
tsvetnov,Russian,val
babich,Russian,val
shenkarev,Russian,val
abrosimoff,Russian,val
shalagin,Russian,val
mordkin,Russian,val
chekhladze,Russian,val
bagrov,Russian,val
galler,Russian,val
anuriev,Russian,val
jija,Russian,val
jatsuba,Russian,val
likhobaba,Russian,val
obyedkov,Russian,val
vasyukov,Russian,val
mihailin,Russian,val
abukhoff,Russian,val
horoshavtsev,Russian,val
luhovitsky,Russian,val
zhilchikov,Russian,val
gololobov,Russian,val
zhegulin,Russian,val
ligorner,Russian,val
bakshansky,Russian,val
to,Russian,val
trukhanovsky,Russian,val
helashvili,Russian,val
jamoida,Russian,val
baiburski,Russian,val
lebedich,Russian,val
belogorsky,Russian,val
grodetsky,Russian,val
molotkov,Russian,test
minskoi,Russian,test
imerlishvili,Russian,test
filipkov,Russian,test
baidukov,Russian,test
jakhot,Russian,test
mozharenko,Russian,test
martyushev,Russian,test
balakin,Russian,test
divnov,Russian,test
muzrukov,Russian,test
abrahimoff,Russian,test
piskovoy,Russian,test
charushin,Russian,test
levitin,Russian,test
muzhdabaev,Russian,test
hachirov,Russian,test
chanyshev,Russian,test
balanowski,Russian,test
jirikov,Russian,test
bairamukov,Russian,test
kalimakhi,Russian,test
zhmaev,Russian,test
zhestkov,Russian,test
zeifert,Russian,test
mojin,Russian,test
homyakov,Russian,test
raikh,Russian,test
tsarenko,Russian,test
mnatsakanyan,Russian,test
rzhevsky,Russian,test
horanov,Russian,test
vilyamovsky,Russian,test
digurov,Russian,test
baevsky,Russian,test
morduhovich,Russian,test
bibishev,Russian,test
turik,Russian,test
cheparev,Russian,test
pakhomov,Russian,test
marfunin,Russian,test
davydchenko,Russian,test
tovarovsky,Russian,test
birich,Russian,test
tzarevsky,Russian,test
hairyuzov,Russian,test
zhulev,Russian,test
detkov,Russian,test
jura,Russian,test
galkin,Russian,test
nasikovsky,Russian,test
baer,Russian,test
esenin,Russian,test
davydovich,Russian,test
adrianoff,Russian,test
tsarik,Russian,test
zhurin,Russian,test
andruhov,Russian,test
janowich,Russian,test
troinitsky,Russian,test
jandarbiev,Russian,test
lichko,Russian,test
penkovsky,Russian,test
vinichenko,Russian,test
bachurin,Russian,test
chepulyanis,Russian,test
page,Russian,test
baumgarten,Russian,test
serejnikov,Russian,test
lepehin,Russian,test
vozovik,Russian,test
kalimullin,Russian,test
elentuh,Russian,test
fazleev,Russian,test
paranin,Russian,test
jagutyan,Russian,test
lysihin,Russian,test
martzenkov,Russian,test
kats,Russian,test
zelentsov,Russian,test
vanjula,Russian,test
lgov,Russian,test
andryuschenko,Russian,test
adylov,Russian,test
jegulin,Russian,test
vyschipan,Russian,test
lapikov,Russian,test
jalchevsky,Russian,test
parensky,Russian,test
taldykin,Russian,test
babanov,Russian,test
zasyad ko,Russian,test
aivazovski,Russian,test
ilyahin,Russian,test
minin,Russian,test
velsovsky,Russian,test
pohmel nyh,Russian,test
janishevsky,Russian,test
gujov,Russian,test
shiraev,Russian,test
dovjenko,Russian,test
tumanovsky,Russian,test
tzarenko,Russian,test
goloveshkin,Russian,test
rahlevsky,Russian,test
nezamutdinov,Russian,test
gassiy,Russian,test
likov,Russian,test
hudabirdin,Russian,test
makushkin,Russian,test
jelohovtsev,Russian,test
havrichev,Russian,test
turkov,Russian,test
utropov,Russian,test
miheev,Russian,test
uhanov,Russian,test
zhernokleev,Russian,test
rjavinsky,Russian,test
murov,Russian,test
andrusiv,Russian,test
doga,Russian,test
verpeto,Russian,test
jeltouhov,Russian,test
shalunov,Russian,test
pyshkin,Russian,test
minniahmetov,Russian,test
adamiants,Russian,test
davydov,Russian,test
pridvorov,Russian,test
leitman,Russian,test
otmahov,Russian,test
lejenko,Russian,test
shazzo,Russian,test
bagrintsev,Russian,test
chikurov,Russian,test
jamilov,Russian,test
chepasov,Russian,test
raikov,Russian,test
holyuchenko,Russian,test
minko,Russian,test
grigoriev,Russian,test
dahin,Russian,test
elashkin,Russian,test
jankis,Russian,test
horoshih,Russian,test
munster,Russian,test
berezin,Russian,test
awertcheff,Russian,test
yudovich,Russian,test
davidzon,Russian,test
egamberdiev,Russian,test
desyatov,Russian,test
dantsig,Russian,test
shahbazyan,Russian,test
agaltsov,Russian,test
vikhirev,Russian,test
gudov,Russian,test
galenkov,Russian,test
gudim,Russian,test
jukhnev,Russian,test
tulakov,Russian,test
ryzhakov,Russian,test
isangulov,Russian,test
martsevich,Russian,test
yadne,Russian,test
kachnov,Russian,test
truhanov,Russian,test
zhizhemsky,Russian,test
zheltukhin,Russian,test
jeltov,Russian,test
makaseev,Russian,test
tursunov,Russian,test
vaginov,Russian,test
zharmuhamedov,Russian,test
chalykh,Russian,test
glezarov,Russian,test
yatzevich,Russian,test
renzyaev,Russian,test
jelyabujsky,Russian,test
tsigleev,Russian,test
egorin,Russian,test
agadjanyan,Russian,test
mumdjian,Russian,test
rotast,Russian,test
zhebrovsky,Russian,test
beilis,Russian,test
haneev,Russian,test
juferev,Russian,test
antoshin,Russian,test
demich,Russian,test
usievich,Russian,test
polivoda,Russian,test
jakhin,Russian,test
hamaev,Russian,test
yaburov,Russian,test
destunis,Russian,test
badov,Russian,test
zhalybin,Russian,test
abramkoff,Russian,test
lihosherstov,Russian,test
limitovsky,Russian,test
vertelko,Russian,test
prokudin,Russian,test
barabanschikov,Russian,test
hlynov,Russian,test
vyakhirev,Russian,test
awakyan,Russian,test
juravel,Russian,test
mukke,Russian,test
zhovnir,Russian,test
abramowich,Russian,test
ustenko,Russian,test
balakhontsev,Russian,test
marhanov,Russian,test
zasypkin,Russian,test
agrikov,Russian,test
prokuronov,Russian,test
martzenyuk,Russian,test
karteshkin,Russian,test
mstislavets,Russian,test
egerev,Russian,test
marks,Russian,test
avlukov,Russian,test
yanibekov,Russian,test
aushev,Russian,test
pyhteev,Russian,test
mollo,Russian,test
dzhisev,Russian,test
guio,Russian,test
lysyh,Russian,test
juzva,Russian,test
vasyanovich,Russian,test
abdrahmanoff,Russian,test
jakimovich,Russian,test
andreevsky,Russian,test
hakhva,Russian,test
kalinov,Russian,test
glagolev,Russian,test
baklagin,Russian,test
lepihov,Russian,test
tudorovsky,Russian,test
rovkov,Russian,test
dehtyar,Russian,test
myatishkin,Russian,test
zhokin,Russian,test
goncharuk,Russian,test
ivanov,Russian,test
grozovsky,Russian,test
gulichev,Russian,test
ryzhankov,Russian,test
abramtsev,Russian,test
hamatnurov,Russian,test
shendel,Russian,test
gulishambarov,Russian,test
homutnikov,Russian,test
tchajegov,Russian,test
sheludshev,Russian,test
multakh,Russian,test
dubatkov,Russian,test
rohatsevich,Russian,test
bakhtiev,Russian,test
engelgard,Russian,test
babutski,Russian,test
chadov,Russian,test
vikharev,Russian,test
vyalba,Russian,test
vertkin,Russian,test
tzahilov,Russian,test
velyashev,Russian,test
judakov,Russian,test
zhiro,Russian,test
rujentsov,Russian,test
jeimo,Russian,test
zastrojny,Russian,test
pitaevsky,Russian,test
matzkovsky,Russian,test
pajitnov,Russian,test
atajakhov,Russian,test
mlachnev,Russian,test
diveev,Russian,test
pliner,Russian,test
jakovlev,Russian,test
anipkin,Russian,test
avilov,Russian,test
jablonowsky,Russian,test
rahov,Russian,test
isachenkov,Russian,test
haibullin,Russian,test
dardyk,Russian,test
zhidenko,Russian,test
yuferev,Russian,test
govallo,Russian,test
vikhert,Russian,test
ukhtomsky,Russian,test
marushkin,Russian,test
abaloff,Russian,test
pekhotin,Russian,test
verushkin,Russian,test
engver,Russian,test
leiviman,Russian,test
zhigalin,Russian,test
katsepov,Russian,test
awksentiewski,Russian,test
belich,Russian,test
aboyantsev,Russian,test
jablontsev,Russian,test
fistal,Russian,test
dzhaldzhireev,Russian,test
jorov,Russian,test
tsalaban,Russian,test
adoratski,Russian,test
zhivago,Russian,test
routiyainen,Russian,test
avramenko,Russian,test
emelianov,Russian,test
gukov,Russian,test
ponedelnik,Russian,test
aven,Russian,test
timashuk,Russian,test
elesin,Russian,test
bakurov,Russian,test
agumaa,Russian,test
zelensky,Russian,test
glasov,Russian,test
mochulsky,Russian,test
loh,Russian,test
zozulya,Russian,test
chikhachev,Russian,test
parakhin,Russian,test
zhmakov,Russian,test
dubasov,Russian,test
pazhukov,Russian,test
paradjanov,Russian,test
baum,Russian,test
ligachev,Russian,test
gefter,Russian,test
jatsunov,Russian,test
levitansky,Russian,test
adrianov,Russian,test
martinson,Russian,test
tchalyshev,Russian,test
vavilin,Russian,test
to,Russian,test
haraz,Russian,test
zimnuhov,Russian,test
bagaryakov,Russian,test
deryuzhinsky,Russian,test
jablokov,Russian,test
jivotenko,Russian,test
pokhlebaev,Russian,test
uchaikin,Russian,test
bagramyan,Russian,test
jikharev,Russian,test
haptahaev,Russian,test
baikov,Russian,test
zheurov,Russian,test
daushev,Russian,test
simpson,Scottish,train
munro,Scottish,train
hughes,Scottish,train
ferguson,Scottish,train
anderson,Scottish,train
mcintyre,Scottish,train
douglas,Scottish,train
bruce,Scottish,train
shaw,Scottish,train
dickson,Scottish,train
morrison,Scottish,train
muir,Scottish,train
sutherland,Scottish,train
bell,Scottish,train
mclean,Scottish,train
mckay,Scottish,train
mccallum,Scottish,train
millar,Scottish,train
campbell,Scottish,train
gibson,Scottish,train
docherty,Scottish,train
johnston,Scottish,train
hunter,Scottish,train
ritchie,Scottish,train
mcmillan,Scottish,train
henderson,Scottish,train
davidson,Scottish,train
grant,Scottish,train
gray,Scottish,train
mckenzie,Scottish,train
duncan,Scottish,train
wright,Scottish,train
graham,Scottish,train
craig,Scottish,train
smith,Scottish,train
macleod,Scottish,train
mcgregor,Scottish,train
murray,Scottish,train
king,Scottish,train
maclean,Scottish,train
mitchell,Scottish,train
johnstone,Scottish,train
thomson,Scottish,train
russell,Scottish,train
wood,Scottish,train
mcintosh,Scottish,train
williamson,Scottish,train
ramsay,Scottish,train
wilson,Scottish,train
mackenzie,Scottish,train
alexander,Scottish,train
clark,Scottish,train
mackay,Scottish,val
hamilton,Scottish,val
scott,Scottish,val
cunningham,Scottish,val
kennedy,Scottish,val
watson,Scottish,val
macdonald,Scottish,val
fleming,Scottish,val
kelly,Scottish,val
lindsay,Scottish,val
christie,Scottish,val
kerr,Scottish,test
hay,Scottish,test
jamieson,Scottish,test
stevenson,Scottish,test
burns,Scottish,test
milne,Scottish,test
fraser,Scottish,test
white,Scottish,test
reid,Scottish,test
brown,Scottish,test
mclaughlin,Scottish,test
jackson,Scottish,test
berm dez,Spanish,train
del,Spanish,train
zubizarreta,Spanish,train
villanueva,Spanish,train
villaverde,Spanish,train
garrastazu,Spanish,train
ubina,Spanish,train
chavez,Spanish,train
leon,Spanish,train
abasolo,Spanish,train
menendez,Spanish,train
solos,Spanish,train
pavia,Spanish,train
puerta,Spanish,train
vargas,Spanish,train
melendez,Spanish,train
rom ,Spanish,train
n ez,Spanish,train
aiza,Spanish,train
arriola,Spanish,train
ramos,Spanish,train
echevarr a,Spanish,train
zapatero,Spanish,train
viola,Spanish,train
chavarr a,Spanish,train
vicario,Spanish,train
arce,Spanish,train
varela,Spanish,train
huerta,Spanish,train
moles,Spanish,train
acosta,Spanish,train
azarola,Spanish,train
d cruz,Spanish,train
santiago,Spanish,train
fuentes,Spanish,train
losa,Spanish,train
nieves,Spanish,train
jasso,Spanish,train
sandoval,Spanish,train
soler,Spanish,train
jaso,Spanish,train
espina,Spanish,train
nicolas,Spanish,train
garza,Spanish,train
trujillo,Spanish,train
rold n,Spanish,train
d cruze,Spanish,train
de,Spanish,train
fonseca,Spanish,train
vela,Spanish,train
dominguez,Spanish,train
ib ez,Spanish,train
pel ez,Spanish,train
rodr guez,Spanish,train
mar a,Spanish,train
castell,Spanish,train
araya,Spanish,train
m ndez,Spanish,train
bonaventura,Spanish,train
obando,Spanish,train
gomez,Spanish,train
jord ,Spanish,train
bengochea,Spanish,train
albuquerque,Spanish,train
martinez,Spanish,train
la,Spanish,train
v zquez,Spanish,train
silva,Spanish,train
gebara,Spanish,train
tosell,Spanish,train
la,Spanish,train
villa,Spanish,train
olmos,Spanish,train
alamilla,Spanish,train
machado,Spanish,train
castro,Spanish,train
echeverr a,Spanish,train
gonzalez,Spanish,train
mingo,Spanish,train
velazquez,Spanish,train
vela,Spanish,train
arechavaleta,Spanish,train
romero,Spanish,train
hierro,Spanish,train
jimenez,Spanish,train
urbina,Spanish,train
abell ,Spanish,train
cruz,Spanish,train
escarr ,Spanish,train
campo,Spanish,train
de,Spanish,train
ortiz,Spanish,train
bol var,Spanish,train
oliver,Spanish,train
villalobos,Spanish,train
armando,Spanish,train
albert,Spanish,train
costa,Spanish,train
gutierrez,Spanish,train
espinoza,Spanish,train
delgado,Spanish,train
santigo,Spanish,train
quinones,Spanish,train
f lix,Spanish,train
guerrero,Spanish,train
quintana,Spanish,train
rios,Spanish,train
busto,Spanish,train
cuevas,Spanish,train
michel,Spanish,train
terrazas,Spanish,train
cruz,Spanish,train
rodriquez,Spanish,train
m rquez,Spanish,train
montero,Spanish,train
asis,Spanish,train
olmo,Spanish,train
rojas,Spanish,train
morales,Spanish,train
ju rez,Spanish,train
rom ,Spanish,train
olguin,Spanish,train
banderas,Spanish,train
martell,Spanish,train
reyes,Spanish,train
blanco,Spanish,train
palomo,Spanish,train
salamanca,Spanish,train
ure a,Spanish,train
esparza,Spanish,train
robles,Spanish,train
vives,Spanish,train
abel,Spanish,train
valencia,Spanish,train
bustos,Spanish,train
noguerra,Spanish,train
guadarrama,Spanish,train
bosque,Spanish,train
prieto,Spanish,train
moralez,Spanish,train
puig,Spanish,train
alves,Spanish,train
arena,Spanish,train
petit,Spanish,train
salinas,Spanish,train
pe a,Spanish,train
vivas,Spanish,train
mendoza,Spanish,train
alfaro,Spanish,train
narv ez,Spanish,train
amador,Spanish,train
ventura,Spanish,train
bautista,Spanish,train
fierro,Spanish,train
aritza,Spanish,train
sierra,Spanish,train
grec,Spanish,train
asturias,Spanish,train
abano,Spanish,train
crespo,Spanish,train
araullo,Spanish,train
col n,Spanish,train
capello,Spanish,train
san,Spanish,train
elizondo,Spanish,train
rey,Spanish,train
zabala,Spanish,train
agramunt,Spanish,train
cu llar,Spanish,train
rivera,Spanish,train
marino,Spanish,train
oleastro,Spanish,train
cabello,Spanish,train
aldana,Spanish,train
lopez,Spanish,train
benitez,Spanish,train
gallego,Spanish,train
abarca,Spanish,train
castillion,Spanish,train
guerra,Spanish,train
castellano,Spanish,val
bello,Spanish,val
cardona,Spanish,val
lobo,Spanish,val
espinosa,Spanish,val
porra,Spanish,val
zavala,Spanish,val
del,Spanish,val
belmonte,Spanish,val
espino,Spanish,val
rosa,Spanish,val
perez,Spanish,val
ybarra,Spanish,val
ram rez,Spanish,val
rosales,Spanish,val
mas,Spanish,val
fern ndez,Spanish,val
v squez,Spanish,val
torres,Spanish,val
salcedo,Spanish,val
casales,Spanish,val
p rez,Spanish,val
puga,Spanish,val
rubio,Spanish,val
ojeda,Spanish,val
ant nez,Spanish,val
barros,Spanish,val
garc a,Spanish,val
santana,Spanish,val
mart ,Spanish,val
ortega,Spanish,val
porras,Spanish,val
arreola,Spanish,val
herrera,Spanish,val
ferrer,Spanish,val
etxebarria,Spanish,val
medina,Spanish,val
loyola,Spanish,val
abreu,Spanish,test
holgu n,Spanish,test
toset,Spanish,test
rocha,Spanish,test
solo,Spanish,test
moreno,Spanish,test
tapia,Spanish,test
santos,Spanish,test
rana,Spanish,test
zu iga,Spanish,test
vilar ,Spanish,test
franco,Spanish,test
de,Spanish,test
d az,Spanish,test
herrero,Spanish,test
mart nez,Spanish,test
vega,Spanish,test
ola,Spanish,test
gaspar,Spanish,test
oriol,Spanish,test
gonzales,Spanish,test
salazar,Spanish,test
est vez,Spanish,test
abana,Spanish,test
merlo,Spanish,test
valdez,Spanish,test
oquendo,Spanish,test
tom s,Spanish,test
sastre,Spanish,test
bosque,Spanish,test
fuente,Spanish,test
ibarra,Spanish,test
orellana,Spanish,test
mata,Spanish,test
soto,Spanish,test
ruiz,Spanish,test
quir s,Spanish,test
 lvarez,Spanish,test
aberquero,Spanish,test
rivero,Spanish,test
pho,Vietnamese,train
phi,Vietnamese,train
dao,Vietnamese,train
ho,Vietnamese,train
thai,Vietnamese,train
an,Vietnamese,train
phan,Vietnamese,train
than,Vietnamese,train
lieu,Vietnamese,train
vo,Vietnamese,train
han,Vietnamese,train
trinh,Vietnamese,train
van,Vietnamese,train
banh,Vietnamese,train
cao,Vietnamese,train
sai,Vietnamese,train
vinh,Vietnamese,train
dinh,Vietnamese,train
tieu,Vietnamese,train
mach,Vietnamese,train
dam,Vietnamese,train
ha,Vietnamese,train
vuong,Vietnamese,train
dang,Vietnamese,train
doan,Vietnamese,train
lam,Vietnamese,train
an,Vietnamese,train
do,Vietnamese,train
pham,Vietnamese,train
huynh,Vietnamese,train
nguyen,Vietnamese,train
luong,Vietnamese,train
thuy,Vietnamese,train
luu,Vietnamese,train
duong,Vietnamese,train
tron,Vietnamese,train
vuu,Vietnamese,train
le,Vietnamese,train
truong,Vietnamese,train
ngo,Vietnamese,train
chu,Vietnamese,val
quang,Vietnamese,val
ta,Vietnamese,val
ma,Vietnamese,val
luc,Vietnamese,val
vu,Vietnamese,val
ton,Vietnamese,val
kieu,Vietnamese,val
bui,Vietnamese,test
to,Vietnamese,test
chu,Vietnamese,test
trang,Vietnamese,test
mai,Vietnamese,test
giang,Vietnamese,test
tong,Vietnamese,test
chau,Vietnamese,test
phung,Vietnamese,test
trieu,Vietnamese,test
